src,dst,anchor,internal
/blog/navigating-childcare-and-your-childs-sleep-routine,/,,True
/blog/navigating-childcare-and-your-childs-sleep-routine,/newborn-sleep-guide,0-3 Months - Newborn Sleep Guide,True
/blog/navigating-childcare-and-your-childs-sleep-routine,/3-4-month-baby-sleep-course,3-4 Months - Baby Sleep Course,True
/blog/navigating-childcare-and-your-childs-sleep-routine,/5-12-month-baby-sleep-course,5-12 Months - Sleep Training Course,True
/blog/navigating-childcare-and-your-childs-sleep-routine,/toddler-toolkit,12+ Months - Toddler Sleep Toolkit,True
/blog/navigating-childcare-and-your-childs-sleep-routine,/one-on-one-sleep-consultations,Book a Consultation with Sally,True
/blog/navigating-childcare-and-your-childs-sleep-routine,/camp-snooze-sleep-coaching,Camp Snooze 🏕️,True
/blog/navigating-childcare-and-your-childs-sleep-routine,/blog,Blog,True
/blog/navigating-childcare-and-your-childs-sleep-routine,/about-sally,About,True
/blog/navigating-childcare-and-your-childs-sleep-routine,/login,Log In,True
/blog/navigating-childcare-and-your-childs-sleep-routine,/resource_redirect/offers/6irarwak,Join Snooze,True
/blog/navigating-childcare-and-your-childs-sleep-routine,/blog,5 Month To 2 Years,True
/blog/navigating-childcare-and-your-childs-sleep-routine,/blog/transitioning-your-baby-from-2-naps-to-1,transition from two naps to one for your baby,True
/blog/navigating-childcare-and-your-childs-sleep-routine,/offers/4zhpsrcs,Get an Expert's suggestion,True
/blog/navigating-childcare-and-your-childs-sleep-routine,/blog/navigating-split-nights-a-guide-for-parents,Guide to Managing Split Nights in Babies,True
/blog/navigating-childcare-and-your-childs-sleep-routine,/product/5-12-month-baby-sleep-guide,5-12 Month Sleep Guide,True
/blog/navigating-childcare-and-your-childs-sleep-routine,/one-on-one-sleep-consultations,a phone consultation with me,True
/blog/navigating-childcare-and-your-childs-sleep-routine,/blog,5-12 Months,True
/blog/navigating-childcare-and-your-childs-sleep-routine,/blog,Fourth Trimester,True
/blog/navigating-childcare-and-your-childs-sleep-routine,/blog,Infants,True
/blog/navigating-childcare-and-your-childs-sleep-routine,/blog,Naps,True
/blog/navigating-childcare-and-your-childs-sleep-routine,/blog,Product Reviews,True
/blog/navigating-childcare-and-your-childs-sleep-routine,/blog,Sleep Environment,True
/blog/navigating-childcare-and-your-childs-sleep-routine,/blog,Sleep Products,True
/blog/navigating-childcare-and-your-childs-sleep-routine,/blog,Sleep Regressions,True
/blog/navigating-childcare-and-your-childs-sleep-routine,/blog,Sleep Safety,True
/blog/navigating-childcare-and-your-childs-sleep-routine,/blog,Transitions,True
/blog/navigating-childcare-and-your-childs-sleep-routine,/author/sally-woods,,True
/blog/navigating-childcare-and-your-childs-sleep-routine,/contact,Contact Us,True
/privacy,/,,True
/privacy,/newborn-sleep-guide,0-3 Months - Newborn Sleep Guide,True
/privacy,/3-4-month-baby-sleep-course,3-4 Months - Baby Sleep Course,True
/privacy,/5-12-month-baby-sleep-course,5-12 Months - Sleep Training Course,True
/privacy,/toddler-toolkit,12+ Months - Toddler Sleep Toolkit,True
/privacy,/one-on-one-sleep-consultations,Book a Consultation with Sally,True
/privacy,/camp-snooze-sleep-coaching,Camp Snooze 🏕️,True
/privacy,/blog,Blog,True
/privacy,/about-sally,About,True
/privacy,/login,Log In,True
/privacy,/resource_redirect/offers/6irarwak,Join Snooze,True
/privacy,/contact,Contact Us,True
/privacy,/offers/4zhpsrcs,Book a Consultation,True
/blog/glow-dreaming-white-noise-review,/,,True
/blog/glow-dreaming-white-noise-review,/newborn-sleep-guide,0-3 Months - Newborn Sleep Guide,True
/blog/glow-dreaming-white-noise-review,/3-4-month-baby-sleep-course,3-4 Months - Baby Sleep Course,True
/blog/glow-dreaming-white-noise-review,/5-12-month-baby-sleep-course,5-12 Months - Sleep Training Course,True
/blog/glow-dreaming-white-noise-review,/toddler-toolkit,12+ Months - Toddler Sleep Toolkit,True
/blog/glow-dreaming-white-noise-review,/one-on-one-sleep-consultations,Book a Consultation with Sally,True
/blog/glow-dreaming-white-noise-review,/camp-snooze-sleep-coaching,Camp Snooze 🏕️,True
/blog/glow-dreaming-white-noise-review,/blog,Blog,True
/blog/glow-dreaming-white-noise-review,/about-sally,About,True
/blog/glow-dreaming-white-noise-review,/login,Log In,True
/blog/glow-dreaming-white-noise-review,/resource_redirect/offers/6irarwak,Join Snooze,True
/blog/glow-dreaming-white-noise-review,/blog,Product Reviews,True
/blog/glow-dreaming-white-noise-review,/blog/guide-to-self-settling-sleep-cycles,guide Self-Settling Schedules for Your Baby,True
/blog/glow-dreaming-white-noise-review,/blog,5 Month To 2 Years,True
/blog/glow-dreaming-white-noise-review,/blog,5-12 Months,True
/blog/glow-dreaming-white-noise-review,/blog,Fourth Trimester,True
/blog/glow-dreaming-white-noise-review,/blog,Infants,True
/blog/glow-dreaming-white-noise-review,/blog,Naps,True
/blog/glow-dreaming-white-noise-review,/blog,Sleep Environment,True
/blog/glow-dreaming-white-noise-review,/blog,Sleep Products,True
/blog/glow-dreaming-white-noise-review,/blog,Sleep Regressions,True
/blog/glow-dreaming-white-noise-review,/blog,Sleep Safety,True
/blog/glow-dreaming-white-noise-review,/blog,Transitions,True
/blog/glow-dreaming-white-noise-review,/author/sally-woods,,True
/blog/glow-dreaming-white-noise-review,/contact,Contact Us,True
/blog/glow-dreaming-white-noise-review,/offers/4zhpsrcs,Book a Consultation,True
/offers/fktmjavj/checkout,/,,True
/offers/fktmjavj/checkout,/camp-snooze-sleep-coaching,Camp Snooze 🏕️,True
/offers/fktmjavj/checkout,/blog,Blog,True
/offers/fktmjavj/checkout,/about-sally,About,True
/offers/fktmjavj/checkout,/contact,Contact,True
/offers/fktmjavj/checkout,/login,Log In,True
/blog/dr-harvey-karps-5-ss-to-soothe-your-crying-baby,/,,True
/blog/dr-harvey-karps-5-ss-to-soothe-your-crying-baby,/newborn-sleep-guide,0-3 Months - Newborn Sleep Guide,True
/blog/dr-harvey-karps-5-ss-to-soothe-your-crying-baby,/3-4-month-baby-sleep-course,3-4 Months - Baby Sleep Course,True
/blog/dr-harvey-karps-5-ss-to-soothe-your-crying-baby,/5-12-month-baby-sleep-course,5-12 Months - Sleep Training Course,True
/blog/dr-harvey-karps-5-ss-to-soothe-your-crying-baby,/toddler-toolkit,12+ Months - Toddler Sleep Toolkit,True
/blog/dr-harvey-karps-5-ss-to-soothe-your-crying-baby,/one-on-one-sleep-consultations,Book a Consultation with Sally,True
/blog/dr-harvey-karps-5-ss-to-soothe-your-crying-baby,/camp-snooze-sleep-coaching,Camp Snooze 🏕️,True
/blog/dr-harvey-karps-5-ss-to-soothe-your-crying-baby,/blog,Blog,True
/blog/dr-harvey-karps-5-ss-to-soothe-your-crying-baby,/about-sally,About,True
/blog/dr-harvey-karps-5-ss-to-soothe-your-crying-baby,/login,Log In,True
/blog/dr-harvey-karps-5-ss-to-soothe-your-crying-baby,/resource_redirect/offers/6irarwak,Join Snooze,True
/blog/dr-harvey-karps-5-ss-to-soothe-your-crying-baby,/blog,Fourth Trimester,True
/blog/dr-harvey-karps-5-ss-to-soothe-your-crying-baby,/blog/my-snoo-review,previous blog on the Snoo,True
/blog/dr-harvey-karps-5-ss-to-soothe-your-crying-baby,/blog,5 Month To 2 Years,True
/blog/dr-harvey-karps-5-ss-to-soothe-your-crying-baby,/blog,5-12 Months,True
/blog/dr-harvey-karps-5-ss-to-soothe-your-crying-baby,/blog,Infants,True
/blog/dr-harvey-karps-5-ss-to-soothe-your-crying-baby,/blog,Naps,True
/blog/dr-harvey-karps-5-ss-to-soothe-your-crying-baby,/blog,Product Reviews,True
/blog/dr-harvey-karps-5-ss-to-soothe-your-crying-baby,/blog,Sleep Environment,True
/blog/dr-harvey-karps-5-ss-to-soothe-your-crying-baby,/blog,Sleep Products,True
/blog/dr-harvey-karps-5-ss-to-soothe-your-crying-baby,/blog,Sleep Regressions,True
/blog/dr-harvey-karps-5-ss-to-soothe-your-crying-baby,/blog,Sleep Safety,True
/blog/dr-harvey-karps-5-ss-to-soothe-your-crying-baby,/blog,Transitions,True
/blog/dr-harvey-karps-5-ss-to-soothe-your-crying-baby,/author/sally-woods,,True
/blog/dr-harvey-karps-5-ss-to-soothe-your-crying-baby,/contact,Contact Us,True
/blog/dr-harvey-karps-5-ss-to-soothe-your-crying-baby,/offers/4zhpsrcs,Book a Consultation,True
/blog/create-meaningful-morning-rituals-for-baby,/,,True
/blog/create-meaningful-morning-rituals-for-baby,/newborn-sleep-guide,0-3 Months - Newborn Sleep Guide,True
/blog/create-meaningful-morning-rituals-for-baby,/3-4-month-baby-sleep-course,3-4 Months - Baby Sleep Course,True
/blog/create-meaningful-morning-rituals-for-baby,/5-12-month-baby-sleep-course,5-12 Months - Sleep Training Course,True
/blog/create-meaningful-morning-rituals-for-baby,/toddler-toolkit,12+ Months - Toddler Sleep Toolkit,True
/blog/create-meaningful-morning-rituals-for-baby,/one-on-one-sleep-consultations,Book a Consultation with Sally,True
/blog/create-meaningful-morning-rituals-for-baby,/camp-snooze-sleep-coaching,Camp Snooze 🏕️,True
/blog/create-meaningful-morning-rituals-for-baby,/blog,Blog,True
/blog/create-meaningful-morning-rituals-for-baby,/about-sally,About,True
/blog/create-meaningful-morning-rituals-for-baby,/login,Log In,True
/blog/create-meaningful-morning-rituals-for-baby,/resource_redirect/offers/6irarwak,Join Snooze,True
/blog/create-meaningful-morning-rituals-for-baby,/blog,5 Month To 2 Years,True
/blog/create-meaningful-morning-rituals-for-baby,/blog,Fourth Trimester,True
/blog/create-meaningful-morning-rituals-for-baby,/offers/4zhpsrcs,Ready for a call?,True
/blog/create-meaningful-morning-rituals-for-baby,/blog/tips-for-managing-baby-early-wake-ups,Help your baby to early wake-ups,True
/blog/create-meaningful-morning-rituals-for-baby,/recommended-products,these products as daily drivers,True
/blog/create-meaningful-morning-rituals-for-baby,/blog,5-12 Months,True
/blog/create-meaningful-morning-rituals-for-baby,/blog,Infants,True
/blog/create-meaningful-morning-rituals-for-baby,/blog,Naps,True
/blog/create-meaningful-morning-rituals-for-baby,/blog,Product Reviews,True
/blog/create-meaningful-morning-rituals-for-baby,/blog,Sleep Environment,True
/blog/create-meaningful-morning-rituals-for-baby,/blog,Sleep Products,True
/blog/create-meaningful-morning-rituals-for-baby,/blog,Sleep Regressions,True
/blog/create-meaningful-morning-rituals-for-baby,/blog,Sleep Safety,True
/blog/create-meaningful-morning-rituals-for-baby,/blog,Transitions,True
/blog/create-meaningful-morning-rituals-for-baby,/author/sally-woods,,True
/blog/create-meaningful-morning-rituals-for-baby,/contact,Contact Us,True
/about-sally,/,,True
/about-sally,/newborn-sleep-guide,0-3 Months - Newborn Sleep Guide,True
/about-sally,/3-4-month-baby-sleep-course,3-4 Months - Baby Sleep Course,True
/about-sally,/5-12-month-baby-sleep-course,5-12 Months - Sleep Training Course,True
/about-sally,/toddler-toolkit,12+ Months - Toddler Sleep Toolkit,True
/about-sally,/one-on-one-sleep-consultations,Book a Consultation with Sally,True
/about-sally,/camp-snooze-sleep-coaching,Camp Snooze 🏕️,True
/about-sally,/blog,Blog,True
/about-sally,/about-sally,About,True
/about-sally,/login,Log In,True
/about-sally,/resource_redirect/offers/6irarwak,Join Snooze,True
/about-sally,/offers/z63s9var,Join Snooze,True
/about-sally,/snooze-library,Library Access,True
/about-sally,/products/communities/v2/snooze,Snooze Village,True
/about-sally,/account,Your Account,True
/about-sally,/contact,Contact Us,True
/about-sally,/terms-conditions,Terms of Service,True
/about-sally,/privacy-policy,Privacy Policy,True
/about-sally,/offers/4zhpsrcs,Book a Consultation,True
/offers/9dfjswvd/checkout,/,,True
/offers/9dfjswvd/checkout,/camp-snooze-sleep-coaching,Camp Snooze 🏕️,True
/offers/9dfjswvd/checkout,/blog,Blog,True
/offers/9dfjswvd/checkout,/about-sally,About,True
/offers/9dfjswvd/checkout,/contact,Contact,True
/offers/9dfjswvd/checkout,/login,Log In,True
/blog/newborn-babys-and-naps,/,,True
/blog/newborn-babys-and-naps,/newborn-sleep-guide,0-3 Months - Newborn Sleep Guide,True
/blog/newborn-babys-and-naps,/3-4-month-baby-sleep-course,3-4 Months - Baby Sleep Course,True
/blog/newborn-babys-and-naps,/5-12-month-baby-sleep-course,5-12 Months - Sleep Training Course,True
/blog/newborn-babys-and-naps,/toddler-toolkit,12+ Months - Toddler Sleep Toolkit,True
/blog/newborn-babys-and-naps,/one-on-one-sleep-consultations,Book a Consultation with Sally,True
/blog/newborn-babys-and-naps,/camp-snooze-sleep-coaching,Camp Snooze 🏕️,True
/blog/newborn-babys-and-naps,/blog,Blog,True
/blog/newborn-babys-and-naps,/about-sally,About,True
/blog/newborn-babys-and-naps,/login,Log In,True
/blog/newborn-babys-and-naps,/resource_redirect/offers/6irarwak,Join Snooze,True
/blog/newborn-babys-and-naps,/blog,5 Month To 2 Years,True
/blog/newborn-babys-and-naps,/blog,Sleep Regressions,True
/blog/newborn-babys-and-naps,/blog/stop-swaddle-time-for-your-baby,how you can reduce your baby's swadding time,True
/blog/newborn-babys-and-naps,/product/catnapping-guide-free,Get your FREE Catnapping Guide,True
/blog/newborn-babys-and-naps,/offers/4zhpsrcs,a phone consultation with me,True
/blog/newborn-babys-and-naps,/blog,5-12 Months,True
/blog/newborn-babys-and-naps,/blog,Fourth Trimester,True
/blog/newborn-babys-and-naps,/blog,Infants,True
/blog/newborn-babys-and-naps,/blog,Naps,True
/blog/newborn-babys-and-naps,/blog,Product Reviews,True
/blog/newborn-babys-and-naps,/blog,Sleep Environment,True
/blog/newborn-babys-and-naps,/blog,Sleep Products,True
/blog/newborn-babys-and-naps,/blog,Sleep Safety,True
/blog/newborn-babys-and-naps,/blog,Transitions,True
/blog/newborn-babys-and-naps,/author/sally-woods,,True
/blog/newborn-babys-and-naps,/contact,Contact Us,True
/5-12-month-baby-sleep-help,/,,True
/5-12-month-baby-sleep-help,/newborn-sleep-guide,0-3 Months - Newborn Sleep Guide,True
/5-12-month-baby-sleep-help,/3-4-month-baby-sleep-course,3-4 Months - Baby Sleep Course,True
/5-12-month-baby-sleep-help,/5-12-month-baby-sleep-course,5-12 Months - Sleep Training Course,True
/5-12-month-baby-sleep-help,/toddler-toolkit,12+ Months - Toddler Sleep Toolkit,True
/5-12-month-baby-sleep-help,/one-on-one-sleep-consultations,Book a Consultation with Sally,True
/5-12-month-baby-sleep-help,/camp-snooze-sleep-coaching,Camp Snooze 🏕️,True
/5-12-month-baby-sleep-help,/blog,Blog,True
/5-12-month-baby-sleep-help,/about-sally,About,True
/5-12-month-baby-sleep-help,/login,Log In,True
/5-12-month-baby-sleep-help,/resource_redirect/offers/6irarwak,Join Snooze,True
/5-12-month-baby-sleep-help,/offers/z63s9var,Join Snooze,True
/5-12-month-baby-sleep-help,/newborn-baby-sleep-help,View Newborn Guide,True
/5-12-month-baby-sleep-help,/3-4-month-baby-sleep-help,View 3-4 Month Guide,True
/5-12-month-baby-sleep-help,/5-12-month-baby-sleep-help,View 5-12 Month Guide,True
/5-12-month-baby-sleep-help,/toddler-sleep-help,View Toddler Guide,True
/5-12-month-baby-sleep-help,/snooze-library,Library Access,True
/5-12-month-baby-sleep-help,/products/communities/v2/snooze,Snooze Village,True
/5-12-month-baby-sleep-help,/account,Your Account,True
/5-12-month-baby-sleep-help,/contact,Contact Us,True
/5-12-month-baby-sleep-help,/terms-conditions,Terms of Service,True
/5-12-month-baby-sleep-help,/privacy-policy,Privacy Policy,True
/5-12-month-baby-sleep-help,/offers/4zhpsrcs,Book a Consultation,True
/offers/4hqjfjgc/checkout,/,,True
/offers/4hqjfjgc/checkout,/camp-snooze-sleep-coaching,Camp Snooze 🏕️,True
/offers/4hqjfjgc/checkout,/blog,Blog,True
/offers/4hqjfjgc/checkout,/about-sally,About,True
/offers/4hqjfjgc/checkout,/login,Log In,True
/offers/4hqjfjgc/checkout,/contact,Contact Us,True
/offers/4hqjfjgc/checkout,/offers/4zhpsrcs,Book a Consultation,True
/offers/z63s9var,/,,True
/offers/z63s9var,/camp-snooze-sleep-coaching,Camp Snooze 🏕️,True
/offers/z63s9var,/blog,Blog,True
/offers/z63s9var,/about-sally,About,True
/offers/z63s9var,/login,Log In,True
/offers/z63s9var,/offers/z63s9var/checkout,Continue to Checkout,True
/offers/z63s9var,/terms-conditions,Terms & Conditions,True
/offers/z63s9var,/contact,Contact Us,True
/offers/z63s9var,/offers/4zhpsrcs,Book a Consultation,True
/author/sally-woods,/,,True
/author/sally-woods,/newborn-sleep-guide,0-3 Months - Newborn Sleep Guide,True
/author/sally-woods,/3-4-month-baby-sleep-course,3-4 Months - Baby Sleep Course,True
/author/sally-woods,/5-12-month-baby-sleep-course,5-12 Months - Sleep Training Course,True
/author/sally-woods,/toddler-toolkit,12+ Months - Toddler Sleep Toolkit,True
/author/sally-woods,/one-on-one-sleep-consultations,Book a Consultation with Sally,True
/author/sally-woods,/camp-snooze-sleep-coaching,Camp Snooze 🏕️,True
/author/sally-woods,/blog,Blog,True
/author/sally-woods,/about-sally,About,True
/author/sally-woods,/login,Log In,True
/author/sally-woods,/resource_redirect/offers/6irarwak,Join Snooze,True
/author/sally-woods,/blog/my-honest-snoo-experience-and-review,"My Honest Experience With the Snoo: What Worked, What Didn’t",True
/author/sally-woods,/blog/mystery-of-missing-third-nap-early-rising,The Mystery of the Missing Third Nap: Why Dropping It Too Ea,True
/author/sally-woods,/blog/glow-dreaming-white-noise-review,"Why Pink Noise is a Must-Have in Your Nursery

Sep 29, 2024",True
/author/sally-woods,/snooze-library,Library Access,True
/author/sally-woods,/products/communities/v2/snooze,Snooze Village,True
/author/sally-woods,/account,Your Account,True
/author/sally-woods,/contact,Contact Us,True
/author/sally-woods,/terms-conditions,Terms of Service,True
/author/sally-woods,/privacy-policy,Privacy Policy,True
/author/sally-woods,/offers/4zhpsrcs,Book a Consultation,True
/password/new,/,,True
/password/new,/newborn-sleep-guide,0-3 Months - Newborn Sleep Guide,True
/password/new,/3-4-month-baby-sleep-course,3-4 Months - Baby Sleep Course,True
/password/new,/5-12-month-baby-sleep-course,5-12 Months - Sleep Training Course,True
/password/new,/toddler-toolkit,12+ Months - Toddler Sleep Toolkit,True
/password/new,/one-on-one-sleep-consultations,Book a Consultation with Sally,True
/password/new,/camp-snooze-sleep-coaching,Camp Snooze 🏕️,True
/password/new,/blog,Blog,True
/password/new,/about-sally,About,True
/password/new,/login,Log In,True
/password/new,/resource_redirect/offers/6irarwak,Join Snooze,True
/password/new,/contact,Contact Us,True
/password/new,/offers/4zhpsrcs,Book a Consultation,True
/offers/w2pyql2x/checkout,/,,True
/offers/w2pyql2x/checkout,/camp-snooze-sleep-coaching,Camp Snooze 🏕️,True
/offers/w2pyql2x/checkout,/blog,Blog,True
/offers/w2pyql2x/checkout,/about-sally,About,True
/offers/w2pyql2x/checkout,/contact,Contact,True
/offers/w2pyql2x/checkout,/login,Log In,True
/offers/w2pyql2x/checkout,/terms-conditions,Terms and Conditions,True
/blog/developing-positive-cot-association-with-your-baby,/,,True
/blog/developing-positive-cot-association-with-your-baby,/newborn-sleep-guide,0-3 Months - Newborn Sleep Guide,True
/blog/developing-positive-cot-association-with-your-baby,/3-4-month-baby-sleep-course,3-4 Months - Baby Sleep Course,True
/blog/developing-positive-cot-association-with-your-baby,/5-12-month-baby-sleep-course,5-12 Months - Sleep Training Course,True
/blog/developing-positive-cot-association-with-your-baby,/toddler-toolkit,12+ Months - Toddler Sleep Toolkit,True
/blog/developing-positive-cot-association-with-your-baby,/one-on-one-sleep-consultations,Book a Consultation with Sally,True
/blog/developing-positive-cot-association-with-your-baby,/camp-snooze-sleep-coaching,Camp Snooze 🏕️,True
/blog/developing-positive-cot-association-with-your-baby,/blog,Blog,True
/blog/developing-positive-cot-association-with-your-baby,/about-sally,About,True
/blog/developing-positive-cot-association-with-your-baby,/login,Log In,True
/blog/developing-positive-cot-association-with-your-baby,/resource_redirect/offers/6irarwak,Join Snooze,True
/blog/developing-positive-cot-association-with-your-baby,/blog,Fourth Trimester,True
/blog/developing-positive-cot-association-with-your-baby,/blog,5 Month To 2 Years,True
/blog/developing-positive-cot-association-with-your-baby,/blog,5-12 Months,True
/blog/developing-positive-cot-association-with-your-baby,/blog,Infants,True
/blog/developing-positive-cot-association-with-your-baby,/blog,Naps,True
/blog/developing-positive-cot-association-with-your-baby,/blog,Product Reviews,True
/blog/developing-positive-cot-association-with-your-baby,/blog,Sleep Environment,True
/blog/developing-positive-cot-association-with-your-baby,/blog,Sleep Products,True
/blog/developing-positive-cot-association-with-your-baby,/blog,Sleep Regressions,True
/blog/developing-positive-cot-association-with-your-baby,/blog,Sleep Safety,True
/blog/developing-positive-cot-association-with-your-baby,/blog,Transitions,True
/blog/developing-positive-cot-association-with-your-baby,/author/sally-woods,,True
/blog/developing-positive-cot-association-with-your-baby,/contact,Contact Us,True
/blog/developing-positive-cot-association-with-your-baby,/offers/4zhpsrcs,Book a Consultation,True
/privacy-policy,/,,True
/privacy-policy,/newborn-sleep-guide,0-3 Months - Newborn Sleep Guide,True
/privacy-policy,/3-4-month-baby-sleep-course,3-4 Months - Baby Sleep Course,True
/privacy-policy,/5-12-month-baby-sleep-course,5-12 Months - Sleep Training Course,True
/privacy-policy,/toddler-toolkit,12+ Months - Toddler Sleep Toolkit,True
/privacy-policy,/one-on-one-sleep-consultations,Book a Consultation with Sally,True
/privacy-policy,/camp-snooze-sleep-coaching,Camp Snooze 🏕️,True
/privacy-policy,/blog,Blog,True
/privacy-policy,/about-sally,About,True
/privacy-policy,/login,Log In,True
/privacy-policy,/resource_redirect/offers/6irarwak,Join Snooze,True
/privacy-policy,/terms-conditions,Terms and Conditions,True
/privacy-policy,mailto:privacy@sleepconcierge.com.au,privacy@sleepconcierge.com.au,True
/privacy-policy,/snooze-library,Library Access,True
/privacy-policy,/products/communities/v2/snooze,Snooze Village,True
/privacy-policy,/account,Your Account,True
/privacy-policy,/contact,Contact Us,True
/privacy-policy,/privacy-policy,Privacy Policy,True
/privacy-policy,/offers/4zhpsrcs,Book a Consultation,True
/products/communities/v2/snooze/library,/,,True
/products/communities/v2/snooze/library,/newborn-sleep-guide,0-3 Months - Newborn Sleep Guide,True
/products/communities/v2/snooze/library,/3-4-month-baby-sleep-course,3-4 Months - Baby Sleep Course,True
/products/communities/v2/snooze/library,/5-12-month-baby-sleep-course,5-12 Months - Sleep Training Course,True
/products/communities/v2/snooze/library,/toddler-toolkit,12+ Months - Toddler Sleep Toolkit,True
/products/communities/v2/snooze/library,/one-on-one-sleep-consultations,Book a Consultation with Sally,True
/products/communities/v2/snooze/library,/camp-snooze-sleep-coaching,Camp Snooze 🏕️,True
/products/communities/v2/snooze/library,/blog,Blog,True
/products/communities/v2/snooze/library,/about-sally,About,True
/products/communities/v2/snooze/library,/login,Log In,True
/products/communities/v2/snooze/library,/resource_redirect/offers/6irarwak,Join Snooze,True
/products/communities/v2/snooze/library,/password/new,Forgot Password,True
/products/communities/v2/snooze/library,/contact,Contact Us,True
/products/communities/v2/snooze/library,/offers/4zhpsrcs,Book a Consultation,True
/offers/uxwneffg/checkout,/,,True
/offers/uxwneffg/checkout,/camp-snooze-sleep-coaching,Camp Snooze 🏕️,True
/offers/uxwneffg/checkout,/blog,Blog,True
/offers/uxwneffg/checkout,/about-sally,About,True
/offers/uxwneffg/checkout,/login,Log In,True
/offers/uxwneffg/checkout,/terms-conditions,Terms & Conditions,True
/offers/uxwneffg/checkout,/contact,Contact Us,True
/offers/uxwneffg/checkout,/offers/4zhpsrcs,Book a Consultation,True
/blog/mystery-of-missing-third-nap-early-rising,/,,True
/blog/mystery-of-missing-third-nap-early-rising,/newborn-sleep-guide,0-3 Months - Newborn Sleep Guide,True
/blog/mystery-of-missing-third-nap-early-rising,/3-4-month-baby-sleep-course,3-4 Months - Baby Sleep Course,True
/blog/mystery-of-missing-third-nap-early-rising,/5-12-month-baby-sleep-course,5-12 Months - Sleep Training Course,True
/blog/mystery-of-missing-third-nap-early-rising,/toddler-toolkit,12+ Months - Toddler Sleep Toolkit,True
/blog/mystery-of-missing-third-nap-early-rising,/one-on-one-sleep-consultations,Book a Consultation with Sally,True
/blog/mystery-of-missing-third-nap-early-rising,/camp-snooze-sleep-coaching,Camp Snooze 🏕️,True
/blog/mystery-of-missing-third-nap-early-rising,/blog,Blog,True
/blog/mystery-of-missing-third-nap-early-rising,/about-sally,About,True
/blog/mystery-of-missing-third-nap-early-rising,/login,Log In,True
/blog/mystery-of-missing-third-nap-early-rising,/resource_redirect/offers/6irarwak,Join Snooze,True
/blog/mystery-of-missing-third-nap-early-rising,/blog,5-12 Months,True
/blog/mystery-of-missing-third-nap-early-rising,/blog,Naps,True
/blog/mystery-of-missing-third-nap-early-rising,/blog,5 Month To 2 Years,True
/blog/mystery-of-missing-third-nap-early-rising,/blog,Fourth Trimester,True
/blog/mystery-of-missing-third-nap-early-rising,/blog,Infants,True
/blog/mystery-of-missing-third-nap-early-rising,/blog,Product Reviews,True
/blog/mystery-of-missing-third-nap-early-rising,/blog,Sleep Environment,True
/blog/mystery-of-missing-third-nap-early-rising,/blog,Sleep Products,True
/blog/mystery-of-missing-third-nap-early-rising,/blog,Sleep Regressions,True
/blog/mystery-of-missing-third-nap-early-rising,/blog,Sleep Safety,True
/blog/mystery-of-missing-third-nap-early-rising,/blog,Transitions,True
/blog/mystery-of-missing-third-nap-early-rising,/author/sally-woods,,True
/blog/mystery-of-missing-third-nap-early-rising,/contact,Contact Us,True
/blog/mystery-of-missing-third-nap-early-rising,/offers/4zhpsrcs,Book a Consultation,True
/snooze-social-terms-and-conditions,/,,True
/snooze-social-terms-and-conditions,mailto:sally@sleepconcierge.com.au,sally@sleepconcierge.com.au.,True
/blog/transitioning-your-baby-from-2-naps-to-1,/,,True
/blog/transitioning-your-baby-from-2-naps-to-1,/newborn-sleep-guide,0-3 Months - Newborn Sleep Guide,True
/blog/transitioning-your-baby-from-2-naps-to-1,/3-4-month-baby-sleep-course,3-4 Months - Baby Sleep Course,True
/blog/transitioning-your-baby-from-2-naps-to-1,/5-12-month-baby-sleep-course,5-12 Months - Sleep Training Course,True
/blog/transitioning-your-baby-from-2-naps-to-1,/toddler-toolkit,12+ Months - Toddler Sleep Toolkit,True
/blog/transitioning-your-baby-from-2-naps-to-1,/one-on-one-sleep-consultations,Book a Consultation with Sally,True
/blog/transitioning-your-baby-from-2-naps-to-1,/camp-snooze-sleep-coaching,Camp Snooze 🏕️,True
/blog/transitioning-your-baby-from-2-naps-to-1,/blog,Blog,True
/blog/transitioning-your-baby-from-2-naps-to-1,/about-sally,About,True
/blog/transitioning-your-baby-from-2-naps-to-1,/login,Log In,True
/blog/transitioning-your-baby-from-2-naps-to-1,/resource_redirect/offers/6irarwak,Join Snooze,True
/blog/transitioning-your-baby-from-2-naps-to-1,/blog,5 Month To 2 Years,True
/blog/transitioning-your-baby-from-2-naps-to-1,/5-12-month-baby-sleep-help,12 to 24 months of baby sleep help,True
/blog/transitioning-your-baby-from-2-naps-to-1,/offers/4zhpsrcs,give me a call to help your baby,True
/blog/transitioning-your-baby-from-2-naps-to-1,/blog,5-12 Months,True
/blog/transitioning-your-baby-from-2-naps-to-1,/blog,Fourth Trimester,True
/blog/transitioning-your-baby-from-2-naps-to-1,/blog,Infants,True
/blog/transitioning-your-baby-from-2-naps-to-1,/blog,Naps,True
/blog/transitioning-your-baby-from-2-naps-to-1,/blog,Product Reviews,True
/blog/transitioning-your-baby-from-2-naps-to-1,/blog,Sleep Environment,True
/blog/transitioning-your-baby-from-2-naps-to-1,/blog,Sleep Products,True
/blog/transitioning-your-baby-from-2-naps-to-1,/blog,Sleep Regressions,True
/blog/transitioning-your-baby-from-2-naps-to-1,/blog,Sleep Safety,True
/blog/transitioning-your-baby-from-2-naps-to-1,/blog,Transitions,True
/blog/transitioning-your-baby-from-2-naps-to-1,/author/sally-woods,,True
/blog/transitioning-your-baby-from-2-naps-to-1,/contact,Contact Us,True
/recommended-products,/,,True
/recommended-products,/newborn-sleep-guide,0-3 Months - Newborn Sleep Guide,True
/recommended-products,/3-4-month-baby-sleep-course,3-4 Months - Baby Sleep Course,True
/recommended-products,/5-12-month-baby-sleep-course,5-12 Months - Sleep Training Course,True
/recommended-products,/toddler-toolkit,12+ Months - Toddler Sleep Toolkit,True
/recommended-products,/one-on-one-sleep-consultations,Book a Consultation with Sally,True
/recommended-products,/camp-snooze-sleep-coaching,Camp Snooze 🏕️,True
/recommended-products,/blog,Blog,True
/recommended-products,/about-sally,About,True
/recommended-products,/login,Log In,True
/recommended-products,/resource_redirect/offers/6irarwak,Join Snooze,True
/recommended-products,/snooze-library,Library Access,True
/recommended-products,/products/communities/v2/snooze,Snooze Village,True
/recommended-products,/account,Your Account,True
/recommended-products,/contact,Contact Us,True
/recommended-products,/terms-conditions,Terms of Service,True
/recommended-products,/privacy-policy,Privacy Policy,True
/recommended-products,/offers/4zhpsrcs,Book a Consultation,True
/store,/,,True
/store,/newborn-sleep-guide,0-3 Months - Newborn Sleep Guide,True
/store,/3-4-month-baby-sleep-course,3-4 Months - Baby Sleep Course,True
/store,/5-12-month-baby-sleep-course,5-12 Months - Sleep Training Course,True
/store,/toddler-toolkit,12+ Months - Toddler Sleep Toolkit,True
/store,/one-on-one-sleep-consultations,Book a Consultation with Sally,True
/store,/camp-snooze-sleep-coaching,Camp Snooze 🏕️,True
/store,/blog,Blog,True
/store,/about-sally,About,True
/store,/login,Log In,True
/store,/resource_redirect/offers/6irarwak,Join Snooze,True
/store,/offers/6irarwak/checkout,Join Snooze,True
/store,/newborn-sleep-guide,View Newborn Sleep Guide,True
/store,/3-4-month-baby-sleep-course,View 3-4 Month Course,True
/store,/5-12-month-baby-sleep-course,View 5-12 Month Course,True
/store,/toddler-toolkit,View Toddler Toolkit,True
/store,/one-on-one-sleep-consultations,View Details,True
/store,/camp-snooze,View Camp Snooze Details,True
/store,/recommended-products,View Recommended Products,True
/store,/contact,Contact Us,True
/store,/offers/4zhpsrcs,Book a Consultation,True
/products/newborn-sleep-guide,/,,True
/products/newborn-sleep-guide,/newborn-sleep-guide,0-3 Months - Newborn Sleep Guide,True
/products/newborn-sleep-guide,/3-4-month-baby-sleep-course,3-4 Months - Baby Sleep Course,True
/products/newborn-sleep-guide,/5-12-month-baby-sleep-course,5-12 Months - Sleep Training Course,True
/products/newborn-sleep-guide,/toddler-toolkit,12+ Months - Toddler Sleep Toolkit,True
/products/newborn-sleep-guide,/one-on-one-sleep-consultations,Book a Consultation with Sally,True
/products/newborn-sleep-guide,/camp-snooze-sleep-coaching,Camp Snooze 🏕️,True
/products/newborn-sleep-guide,/blog,Blog,True
/products/newborn-sleep-guide,/about-sally,About,True
/products/newborn-sleep-guide,/login,Log In,True
/products/newborn-sleep-guide,/resource_redirect/offers/6irarwak,Join Snooze,True
/products/newborn-sleep-guide,/password/new,Forgot Password,True
/products/newborn-sleep-guide,/contact,Contact Us,True
/products/newborn-sleep-guide,/offers/4zhpsrcs,Book a Consultation,True
/blog/supporting-parents-of-rainbow-babies,/,,True
/blog/supporting-parents-of-rainbow-babies,/newborn-sleep-guide,0-3 Months - Newborn Sleep Guide,True
/blog/supporting-parents-of-rainbow-babies,/3-4-month-baby-sleep-course,3-4 Months - Baby Sleep Course,True
/blog/supporting-parents-of-rainbow-babies,/5-12-month-baby-sleep-course,5-12 Months - Sleep Training Course,True
/blog/supporting-parents-of-rainbow-babies,/toddler-toolkit,12+ Months - Toddler Sleep Toolkit,True
/blog/supporting-parents-of-rainbow-babies,/one-on-one-sleep-consultations,Book a Consultation with Sally,True
/blog/supporting-parents-of-rainbow-babies,/camp-snooze-sleep-coaching,Camp Snooze 🏕️,True
/blog/supporting-parents-of-rainbow-babies,/blog,Blog,True
/blog/supporting-parents-of-rainbow-babies,/about-sally,About,True
/blog/supporting-parents-of-rainbow-babies,/login,Log In,True
/blog/supporting-parents-of-rainbow-babies,/resource_redirect/offers/6irarwak,Join Snooze,True
/blog/supporting-parents-of-rainbow-babies,/blog,5 Month To 2 Years,True
/blog/supporting-parents-of-rainbow-babies,/blog,Fourth Trimester,True
/blog/supporting-parents-of-rainbow-babies,/blog,5-12 Months,True
/blog/supporting-parents-of-rainbow-babies,/blog,Infants,True
/blog/supporting-parents-of-rainbow-babies,/blog,Naps,True
/blog/supporting-parents-of-rainbow-babies,/blog,Product Reviews,True
/blog/supporting-parents-of-rainbow-babies,/blog,Sleep Environment,True
/blog/supporting-parents-of-rainbow-babies,/blog,Sleep Products,True
/blog/supporting-parents-of-rainbow-babies,/blog,Sleep Regressions,True
/blog/supporting-parents-of-rainbow-babies,/blog,Sleep Safety,True
/blog/supporting-parents-of-rainbow-babies,/blog,Transitions,True
/blog/supporting-parents-of-rainbow-babies,/author/sally-woods,,True
/blog/supporting-parents-of-rainbow-babies,/contact,Contact Us,True
/blog/supporting-parents-of-rainbow-babies,/offers/4zhpsrcs,Book a Consultation,True
/blog/stop-swaddle-time-for-your-baby,/,,True
/blog/stop-swaddle-time-for-your-baby,/newborn-sleep-guide,0-3 Months - Newborn Sleep Guide,True
/blog/stop-swaddle-time-for-your-baby,/3-4-month-baby-sleep-course,3-4 Months - Baby Sleep Course,True
/blog/stop-swaddle-time-for-your-baby,/5-12-month-baby-sleep-course,5-12 Months - Sleep Training Course,True
/blog/stop-swaddle-time-for-your-baby,/toddler-toolkit,12+ Months - Toddler Sleep Toolkit,True
/blog/stop-swaddle-time-for-your-baby,/one-on-one-sleep-consultations,Book a Consultation with Sally,True
/blog/stop-swaddle-time-for-your-baby,/camp-snooze-sleep-coaching,Camp Snooze 🏕️,True
/blog/stop-swaddle-time-for-your-baby,/blog,Blog,True
/blog/stop-swaddle-time-for-your-baby,/about-sally,About,True
/blog/stop-swaddle-time-for-your-baby,/login,Log In,True
/blog/stop-swaddle-time-for-your-baby,/resource_redirect/offers/6irarwak,Join Snooze,True
/blog/stop-swaddle-time-for-your-baby,/blog,5 Month To 2 Years,True
/blog/stop-swaddle-time-for-your-baby,/blog,Fourth Trimester,True
/blog/stop-swaddle-time-for-your-baby,/product/5-12-month-baby-sleep-guide,5 to 12 months baby sleep guide,True
/blog/stop-swaddle-time-for-your-baby,/blog,5-12 Months,True
/blog/stop-swaddle-time-for-your-baby,/blog,Infants,True
/blog/stop-swaddle-time-for-your-baby,/blog,Naps,True
/blog/stop-swaddle-time-for-your-baby,/blog,Product Reviews,True
/blog/stop-swaddle-time-for-your-baby,/blog,Sleep Environment,True
/blog/stop-swaddle-time-for-your-baby,/blog,Sleep Products,True
/blog/stop-swaddle-time-for-your-baby,/blog,Sleep Regressions,True
/blog/stop-swaddle-time-for-your-baby,/blog,Sleep Safety,True
/blog/stop-swaddle-time-for-your-baby,/blog,Transitions,True
/blog/stop-swaddle-time-for-your-baby,/author/sally-woods,,True
/blog/stop-swaddle-time-for-your-baby,/contact,Contact Us,True
/blog/stop-swaddle-time-for-your-baby,/offers/4zhpsrcs,Book a Consultation,True
/snooze-village,/,,True
/snooze-village,/newborn-sleep-guide,0-3 Months - Newborn Sleep Guide,True
/snooze-village,/3-4-month-baby-sleep-course,3-4 Months - Baby Sleep Course,True
/snooze-village,/5-12-month-baby-sleep-course,5-12 Months - Sleep Training Course,True
/snooze-village,/toddler-toolkit,12+ Months - Toddler Sleep Toolkit,True
/snooze-village,/one-on-one-sleep-consultations,Book a Consultation with Sally,True
/snooze-village,/camp-snooze-sleep-coaching,Camp Snooze 🏕️,True
/snooze-village,/blog,Blog,True
/snooze-village,/about-sally,About,True
/snooze-village,/login,Log In,True
/snooze-village,/resource_redirect/offers/6irarwak,Join Snooze,True
/snooze-village,/contact,Contact Us,True
/snooze-village,/offers/4zhpsrcs,Book a Consultation,True
/blog/how-to-make-change-when-the-4-month-sleep-regressions-hits,/,,True
/blog/how-to-make-change-when-the-4-month-sleep-regressions-hits,/newborn-sleep-guide,0-3 Months - Newborn Sleep Guide,True
/blog/how-to-make-change-when-the-4-month-sleep-regressions-hits,/3-4-month-baby-sleep-course,3-4 Months - Baby Sleep Course,True
/blog/how-to-make-change-when-the-4-month-sleep-regressions-hits,/5-12-month-baby-sleep-course,5-12 Months - Sleep Training Course,True
/blog/how-to-make-change-when-the-4-month-sleep-regressions-hits,/toddler-toolkit,12+ Months - Toddler Sleep Toolkit,True
/blog/how-to-make-change-when-the-4-month-sleep-regressions-hits,/one-on-one-sleep-consultations,Book a Consultation with Sally,True
/blog/how-to-make-change-when-the-4-month-sleep-regressions-hits,/camp-snooze-sleep-coaching,Camp Snooze 🏕️,True
/blog/how-to-make-change-when-the-4-month-sleep-regressions-hits,/blog,Blog,True
/blog/how-to-make-change-when-the-4-month-sleep-regressions-hits,/about-sally,About,True
/blog/how-to-make-change-when-the-4-month-sleep-regressions-hits,/login,Log In,True
/blog/how-to-make-change-when-the-4-month-sleep-regressions-hits,/resource_redirect/offers/6irarwak,Join Snooze,True
/blog/how-to-make-change-when-the-4-month-sleep-regressions-hits,/blog,Fourth Trimester,True
/blog/how-to-make-change-when-the-4-month-sleep-regressions-hits,/blog/stop-4-month-babies-sleep-regression-fear,Let’s stop the 4-month regression fear,True
/blog/how-to-make-change-when-the-4-month-sleep-regressions-hits,/offers/ommcvgai/checkout,Baby Sleep Guide – Newborn,True
/blog/how-to-make-change-when-the-4-month-sleep-regressions-hits,/blog/guide-to-self-settling-sleep-cycles,self-scheduling sleep for your baby,True
/blog/how-to-make-change-when-the-4-month-sleep-regressions-hits,/recommended-products,products to set up a successful sleep foundation,True
/blog/how-to-make-change-when-the-4-month-sleep-regressions-hits,/offers/4zhpsrcs,Schedule a call with me,True
/blog/how-to-make-change-when-the-4-month-sleep-regressions-hits,/product/5-12-month-baby-sleep-guide,including downloadable sleep guides,True
/blog/how-to-make-change-when-the-4-month-sleep-regressions-hits,/blog,5 Month To 2 Years,True
/blog/how-to-make-change-when-the-4-month-sleep-regressions-hits,/blog,5-12 Months,True
/blog/how-to-make-change-when-the-4-month-sleep-regressions-hits,/blog,Infants,True
/blog/how-to-make-change-when-the-4-month-sleep-regressions-hits,/blog,Naps,True
/blog/how-to-make-change-when-the-4-month-sleep-regressions-hits,/blog,Product Reviews,True
/blog/how-to-make-change-when-the-4-month-sleep-regressions-hits,/blog,Sleep Environment,True
/blog/how-to-make-change-when-the-4-month-sleep-regressions-hits,/blog,Sleep Products,True
/blog/how-to-make-change-when-the-4-month-sleep-regressions-hits,/blog,Sleep Regressions,True
/blog/how-to-make-change-when-the-4-month-sleep-regressions-hits,/blog,Sleep Safety,True
/blog/how-to-make-change-when-the-4-month-sleep-regressions-hits,/blog,Transitions,True
/blog/how-to-make-change-when-the-4-month-sleep-regressions-hits,/author/sally-woods,,True
/blog/how-to-make-change-when-the-4-month-sleep-regressions-hits,/contact,Contact Us,True
/snooze-method,/,,True
/snooze-method,/newborn-sleep-guide,0-3 Months - Newborn Sleep Guide,True
/snooze-method,/3-4-month-baby-sleep-course,3-4 Months - Baby Sleep Course,True
/snooze-method,/5-12-month-baby-sleep-course,5-12 Months - Sleep Training Course,True
/snooze-method,/toddler-toolkit,12+ Months - Toddler Sleep Toolkit,True
/snooze-method,/one-on-one-sleep-consultations,Book a Consultation with Sally,True
/snooze-method,/camp-snooze-sleep-coaching,Camp Snooze 🏕️,True
/snooze-method,/blog,Blog,True
/snooze-method,/about-sally,About,True
/snooze-method,/login,Log In,True
/snooze-method,/resource_redirect/offers/6irarwak,Join Snooze,True
/snooze-method,/contact,Contact Us,True
/snooze-method,/offers/4zhpsrcs,Book a Consultation,True
/snooze-library,/,,True
/snooze-library,/newborn-sleep-guide,0-3 Months - Newborn Sleep Guide,True
/snooze-library,/3-4-month-baby-sleep-course,3-4 Months - Baby Sleep Course,True
/snooze-library,/5-12-month-baby-sleep-course,5-12 Months - Sleep Training Course,True
/snooze-library,/toddler-toolkit,12+ Months - Toddler Sleep Toolkit,True
/snooze-library,/one-on-one-sleep-consultations,Book a Consultation with Sally,True
/snooze-library,/camp-snooze-sleep-coaching,Camp Snooze 🏕️,True
/snooze-library,/blog,Blog,True
/snooze-library,/about-sally,About,True
/snooze-library,/login,Log In,True
/snooze-library,/resource_redirect/offers/6irarwak,Join Snooze,True
/snooze-library,/password/new,Forgot Password,True
/snooze-library,/contact,Contact Us,True
/snooze-library,/offers/4zhpsrcs,Book a Consultation,True
/5-12-month-baby-sleep-course,/,,True
/5-12-month-baby-sleep-course,/newborn-sleep-guide,0-3 Months - Newborn Sleep Guide,True
/5-12-month-baby-sleep-course,/3-4-month-baby-sleep-course,3-4 Months - Baby Sleep Course,True
/5-12-month-baby-sleep-course,/5-12-month-baby-sleep-course,5-12 Months - Sleep Training Course,True
/5-12-month-baby-sleep-course,/toddler-toolkit,12+ Months - Toddler Sleep Toolkit,True
/5-12-month-baby-sleep-course,/one-on-one-sleep-consultations,Book a Consultation with Sally,True
/5-12-month-baby-sleep-course,/camp-snooze-sleep-coaching,Camp Snooze 🏕️,True
/5-12-month-baby-sleep-course,/blog,Blog,True
/5-12-month-baby-sleep-course,/about-sally,About,True
/5-12-month-baby-sleep-course,/login,Log In,True
/5-12-month-baby-sleep-course,/resource_redirect/offers/6irarwak,Join Snooze,True
/5-12-month-baby-sleep-course,/5-12-month-baby-sleep-course,View Course Details,True
/5-12-month-baby-sleep-course,/newborn-sleep-guide,Newborn Sleep Guide,True
/5-12-month-baby-sleep-course,/toddler-toolkit,Toddler Toolkit,True
/5-12-month-baby-sleep-course,/offers/9dfjswvd/checkout,Purchase Course,True
/5-12-month-baby-sleep-course,/offers/z63s9var,Join Snooze,True
/5-12-month-baby-sleep-course,/3-4-month-baby-sleep-course,3-4 Month Course,True
/5-12-month-baby-sleep-course,/products/communities/v2/snooze/library,Sleep Library,True
/5-12-month-baby-sleep-course,/snooze-library,Library Access,True
/5-12-month-baby-sleep-course,/products/communities/v2/snooze,Snooze Village,True
/5-12-month-baby-sleep-course,/account,Your Account,True
/5-12-month-baby-sleep-course,/contact,Contact Us,True
/5-12-month-baby-sleep-course,/terms-conditions,Terms of Service,True
/5-12-month-baby-sleep-course,/privacy-policy,Privacy Policy,True
/5-12-month-baby-sleep-course,/offers/4zhpsrcs,Book a Consultation,True
/offers/ommcvgai/checkout,/,,True
/offers/ommcvgai/checkout,/camp-snooze-sleep-coaching,Camp Snooze 🏕️,True
/offers/ommcvgai/checkout,/blog,Blog,True
/offers/ommcvgai/checkout,/about-sally,About,True
/offers/ommcvgai/checkout,/contact,Contact,True
/offers/ommcvgai/checkout,/login,Log In,True
/toddler-toolkit,/,,True
/toddler-toolkit,/newborn-sleep-guide,0-3 Months - Newborn Sleep Guide,True
/toddler-toolkit,/3-4-month-baby-sleep-course,3-4 Months - Baby Sleep Course,True
/toddler-toolkit,/5-12-month-baby-sleep-course,5-12 Months - Sleep Training Course,True
/toddler-toolkit,/toddler-toolkit,12+ Months - Toddler Sleep Toolkit,True
/toddler-toolkit,/one-on-one-sleep-consultations,Book a Consultation with Sally,True
/toddler-toolkit,/camp-snooze-sleep-coaching,Camp Snooze 🏕️,True
/toddler-toolkit,/blog,Blog,True
/toddler-toolkit,/about-sally,About,True
/toddler-toolkit,/login,Log In,True
/toddler-toolkit,/resource_redirect/offers/6irarwak,Join Snooze,True
/toddler-toolkit,/toddler-toolkit,View Course Details,True
/toddler-toolkit,/5-12-month-baby-sleep-course,5-12 Month Course,True
/toddler-toolkit,/3-4-month-baby-sleep-course,3-4 Month Course,True
/toddler-toolkit,/offers/fktmjavj/checkout,Purchase Course,True
/toddler-toolkit,/offers/z63s9var,Join Snooze,True
/toddler-toolkit,/newborn-sleep-guide,Newborn Sleep Guide,True
/toddler-toolkit,/products/communities/v2/snooze/library,Sleep Library,True
/toddler-toolkit,/snooze-library,Library Access,True
/toddler-toolkit,/products/communities/v2/snooze,Snooze Village,True
/toddler-toolkit,/account,Your Account,True
/toddler-toolkit,/contact,Contact Us,True
/toddler-toolkit,/terms-conditions,Terms of Service,True
/toddler-toolkit,/privacy-policy,Privacy Policy,True
/toddler-toolkit,/offers/4zhpsrcs,Book a Consultation,True
/products/toddler-toolkit,/,,True
/products/toddler-toolkit,/newborn-sleep-guide,0-3 Months - Newborn Sleep Guide,True
/products/toddler-toolkit,/3-4-month-baby-sleep-course,3-4 Months - Baby Sleep Course,True
/products/toddler-toolkit,/5-12-month-baby-sleep-course,5-12 Months - Sleep Training Course,True
/products/toddler-toolkit,/toddler-toolkit,12+ Months - Toddler Sleep Toolkit,True
/products/toddler-toolkit,/one-on-one-sleep-consultations,Book a Consultation with Sally,True
/products/toddler-toolkit,/camp-snooze-sleep-coaching,Camp Snooze 🏕️,True
/products/toddler-toolkit,/blog,Blog,True
/products/toddler-toolkit,/about-sally,About,True
/products/toddler-toolkit,/login,Log In,True
/products/toddler-toolkit,/resource_redirect/offers/6irarwak,Join Snooze,True
/products/toddler-toolkit,/password/new,Forgot Password,True
/products/toddler-toolkit,/contact,Contact Us,True
/products/toddler-toolkit,/offers/4zhpsrcs,Book a Consultation,True
/products/communities/v2/snooze,/,,True
/products/communities/v2/snooze,/newborn-sleep-guide,0-3 Months - Newborn Sleep Guide,True
/products/communities/v2/snooze,/3-4-month-baby-sleep-course,3-4 Months - Baby Sleep Course,True
/products/communities/v2/snooze,/5-12-month-baby-sleep-course,5-12 Months - Sleep Training Course,True
/products/communities/v2/snooze,/toddler-toolkit,12+ Months - Toddler Sleep Toolkit,True
/products/communities/v2/snooze,/one-on-one-sleep-consultations,Book a Consultation with Sally,True
/products/communities/v2/snooze,/camp-snooze-sleep-coaching,Camp Snooze 🏕️,True
/products/communities/v2/snooze,/blog,Blog,True
/products/communities/v2/snooze,/about-sally,About,True
/products/communities/v2/snooze,/login,Log In,True
/products/communities/v2/snooze,/resource_redirect/offers/6irarwak,Join Snooze,True
/products/communities/v2/snooze,/password/new,Forgot Password,True
/products/communities/v2/snooze,/contact,Contact Us,True
/products/communities/v2/snooze,/offers/4zhpsrcs,Book a Consultation,True
/blog/babyzen-yoyo-travel-stroller-review-you-can-stop-googling-now-this-is-the-stroller-for-you,/,,True
/blog/babyzen-yoyo-travel-stroller-review-you-can-stop-googling-now-this-is-the-stroller-for-you,/newborn-sleep-guide,0-3 Months - Newborn Sleep Guide,True
/blog/babyzen-yoyo-travel-stroller-review-you-can-stop-googling-now-this-is-the-stroller-for-you,/3-4-month-baby-sleep-course,3-4 Months - Baby Sleep Course,True
/blog/babyzen-yoyo-travel-stroller-review-you-can-stop-googling-now-this-is-the-stroller-for-you,/5-12-month-baby-sleep-course,5-12 Months - Sleep Training Course,True
/blog/babyzen-yoyo-travel-stroller-review-you-can-stop-googling-now-this-is-the-stroller-for-you,/toddler-toolkit,12+ Months - Toddler Sleep Toolkit,True
/blog/babyzen-yoyo-travel-stroller-review-you-can-stop-googling-now-this-is-the-stroller-for-you,/one-on-one-sleep-consultations,Book a Consultation with Sally,True
/blog/babyzen-yoyo-travel-stroller-review-you-can-stop-googling-now-this-is-the-stroller-for-you,/camp-snooze-sleep-coaching,Camp Snooze 🏕️,True
/blog/babyzen-yoyo-travel-stroller-review-you-can-stop-googling-now-this-is-the-stroller-for-you,/blog,Blog,True
/blog/babyzen-yoyo-travel-stroller-review-you-can-stop-googling-now-this-is-the-stroller-for-you,/about-sally,About,True
/blog/babyzen-yoyo-travel-stroller-review-you-can-stop-googling-now-this-is-the-stroller-for-you,/login,Log In,True
/blog/babyzen-yoyo-travel-stroller-review-you-can-stop-googling-now-this-is-the-stroller-for-you,/resource_redirect/offers/6irarwak,Join Snooze,True
/blog/babyzen-yoyo-travel-stroller-review-you-can-stop-googling-now-this-is-the-stroller-for-you,/blog,Product Reviews,True
/blog/babyzen-yoyo-travel-stroller-review-you-can-stop-googling-now-this-is-the-stroller-for-you,/offers/4zhpsrcs,call me,True
/blog/babyzen-yoyo-travel-stroller-review-you-can-stop-googling-now-this-is-the-stroller-for-you,/blog/7-tips-for-maintaining-you-babys-sleep-while-travelling,7 tips to maintain your baby's sleep while traveling,True
/blog/babyzen-yoyo-travel-stroller-review-you-can-stop-googling-now-this-is-the-stroller-for-you,/blog,5 Month To 2 Years,True
/blog/babyzen-yoyo-travel-stroller-review-you-can-stop-googling-now-this-is-the-stroller-for-you,/blog,5-12 Months,True
/blog/babyzen-yoyo-travel-stroller-review-you-can-stop-googling-now-this-is-the-stroller-for-you,/blog,Fourth Trimester,True
/blog/babyzen-yoyo-travel-stroller-review-you-can-stop-googling-now-this-is-the-stroller-for-you,/blog,Infants,True
/blog/babyzen-yoyo-travel-stroller-review-you-can-stop-googling-now-this-is-the-stroller-for-you,/blog,Naps,True
/blog/babyzen-yoyo-travel-stroller-review-you-can-stop-googling-now-this-is-the-stroller-for-you,/blog,Sleep Environment,True
/blog/babyzen-yoyo-travel-stroller-review-you-can-stop-googling-now-this-is-the-stroller-for-you,/blog,Sleep Products,True
/blog/babyzen-yoyo-travel-stroller-review-you-can-stop-googling-now-this-is-the-stroller-for-you,/blog,Sleep Regressions,True
/blog/babyzen-yoyo-travel-stroller-review-you-can-stop-googling-now-this-is-the-stroller-for-you,/blog,Sleep Safety,True
/blog/babyzen-yoyo-travel-stroller-review-you-can-stop-googling-now-this-is-the-stroller-for-you,/blog,Transitions,True
/blog/babyzen-yoyo-travel-stroller-review-you-can-stop-googling-now-this-is-the-stroller-for-you,/author/sally-woods,,True
/blog/babyzen-yoyo-travel-stroller-review-you-can-stop-googling-now-this-is-the-stroller-for-you,/contact,Contact Us,True
/3-4-month-baby-sleep-course,/,,True
/3-4-month-baby-sleep-course,/newborn-sleep-guide,0-3 Months - Newborn Sleep Guide,True
/3-4-month-baby-sleep-course,/3-4-month-baby-sleep-course,3-4 Months - Baby Sleep Course,True
/3-4-month-baby-sleep-course,/5-12-month-baby-sleep-course,5-12 Months - Sleep Training Course,True
/3-4-month-baby-sleep-course,/toddler-toolkit,12+ Months - Toddler Sleep Toolkit,True
/3-4-month-baby-sleep-course,/one-on-one-sleep-consultations,Book a Consultation with Sally,True
/3-4-month-baby-sleep-course,/camp-snooze-sleep-coaching,Camp Snooze 🏕️,True
/3-4-month-baby-sleep-course,/blog,Blog,True
/3-4-month-baby-sleep-course,/about-sally,About,True
/3-4-month-baby-sleep-course,/login,Log In,True
/3-4-month-baby-sleep-course,/resource_redirect/offers/6irarwak,Join Snooze,True
/3-4-month-baby-sleep-course,/3-4-month-baby-sleep-course,View Course Details,True
/3-4-month-baby-sleep-course,/3-4-month-baby-sleep-course,Newborn Sleep Guide,True
/3-4-month-baby-sleep-course,/offers/w2pyql2x/checkout,Purchase Course,True
/3-4-month-baby-sleep-course,/offers/z63s9var,Join Snooze,True
/3-4-month-baby-sleep-course,/newborn-sleep-guide,Newborn Sleep Guide,True
/3-4-month-baby-sleep-course,/5-12-month-baby-sleep-course,5-12 Month Course,True
/3-4-month-baby-sleep-course,/toddler-toolkit,Toddler Toolkit,True
/3-4-month-baby-sleep-course,/products/communities/v2/snooze/library,Sleep Library,True
/3-4-month-baby-sleep-course,/snooze-library,Library Access,True
/3-4-month-baby-sleep-course,/products/communities/v2/snooze,Snooze Village,True
/3-4-month-baby-sleep-course,/account,Your Account,True
/3-4-month-baby-sleep-course,/contact,Contact Us,True
/3-4-month-baby-sleep-course,/terms-conditions,Terms of Service,True
/3-4-month-baby-sleep-course,/privacy-policy,Privacy Policy,True
/3-4-month-baby-sleep-course,/offers/4zhpsrcs,Book a Consultation,True
/3-4-month-masterclass-replay,/,,True
/3-4-month-masterclass-replay,/3-4-month-masterclass-replay,ENROL IN THE 3‑4 MONTH SLEEP COURSE →,True
/3-4-month-masterclass-replay,/resource_redirect/offers/w2pyql2x,Count me in!,True
/blog/newborn-sleep-and-the-fourth-trimester,/,,True
/blog/newborn-sleep-and-the-fourth-trimester,/newborn-sleep-guide,0-3 Months - Newborn Sleep Guide,True
/blog/newborn-sleep-and-the-fourth-trimester,/3-4-month-baby-sleep-course,3-4 Months - Baby Sleep Course,True
/blog/newborn-sleep-and-the-fourth-trimester,/5-12-month-baby-sleep-course,5-12 Months - Sleep Training Course,True
/blog/newborn-sleep-and-the-fourth-trimester,/toddler-toolkit,12+ Months - Toddler Sleep Toolkit,True
/blog/newborn-sleep-and-the-fourth-trimester,/one-on-one-sleep-consultations,Book a Consultation with Sally,True
/blog/newborn-sleep-and-the-fourth-trimester,/camp-snooze-sleep-coaching,Camp Snooze 🏕️,True
/blog/newborn-sleep-and-the-fourth-trimester,/blog,Blog,True
/blog/newborn-sleep-and-the-fourth-trimester,/about-sally,About,True
/blog/newborn-sleep-and-the-fourth-trimester,/login,Log In,True
/blog/newborn-sleep-and-the-fourth-trimester,/resource_redirect/offers/6irarwak,Join Snooze,True
/blog/newborn-sleep-and-the-fourth-trimester,/blog,Fourth Trimester,True
/blog/newborn-sleep-and-the-fourth-trimester,/offers/4zhpsrcs,You can book a call,True
/blog/newborn-sleep-and-the-fourth-trimester,/blog/glow-dreaming-white-noise-review,Why Pink Noise is a Must-Have in Your Nursery.,True
/blog/newborn-sleep-and-the-fourth-trimester,/blog,5 Month To 2 Years,True
/blog/newborn-sleep-and-the-fourth-trimester,/blog,5-12 Months,True
/blog/newborn-sleep-and-the-fourth-trimester,/blog,Infants,True
/blog/newborn-sleep-and-the-fourth-trimester,/blog,Naps,True
/blog/newborn-sleep-and-the-fourth-trimester,/blog,Product Reviews,True
/blog/newborn-sleep-and-the-fourth-trimester,/blog,Sleep Environment,True
/blog/newborn-sleep-and-the-fourth-trimester,/blog,Sleep Products,True
/blog/newborn-sleep-and-the-fourth-trimester,/blog,Sleep Regressions,True
/blog/newborn-sleep-and-the-fourth-trimester,/blog,Sleep Safety,True
/blog/newborn-sleep-and-the-fourth-trimester,/blog,Transitions,True
/blog/newborn-sleep-and-the-fourth-trimester,/author/sally-woods,,True
/blog/newborn-sleep-and-the-fourth-trimester,/contact,Contact Us,True
/blog/what-are-assisted-sleep-associations,/,,True
/blog/what-are-assisted-sleep-associations,/newborn-sleep-guide,0-3 Months - Newborn Sleep Guide,True
/blog/what-are-assisted-sleep-associations,/3-4-month-baby-sleep-course,3-4 Months - Baby Sleep Course,True
/blog/what-are-assisted-sleep-associations,/5-12-month-baby-sleep-course,5-12 Months - Sleep Training Course,True
/blog/what-are-assisted-sleep-associations,/toddler-toolkit,12+ Months - Toddler Sleep Toolkit,True
/blog/what-are-assisted-sleep-associations,/one-on-one-sleep-consultations,Book a Consultation with Sally,True
/blog/what-are-assisted-sleep-associations,/camp-snooze-sleep-coaching,Camp Snooze 🏕️,True
/blog/what-are-assisted-sleep-associations,/blog,Blog,True
/blog/what-are-assisted-sleep-associations,/about-sally,About,True
/blog/what-are-assisted-sleep-associations,/login,Log In,True
/blog/what-are-assisted-sleep-associations,/resource_redirect/offers/6irarwak,Join Snooze,True
/blog/what-are-assisted-sleep-associations,/blog,Fourth Trimester,True
/blog/what-are-assisted-sleep-associations,/offers/4zhpsrcs,Ready to grab a Call 1:1 with me?,True
/blog/what-are-assisted-sleep-associations,/blog/dressing-baby-for-bedtime,dress your baby for bedtime.,True
/blog/what-are-assisted-sleep-associations,/blog/navigating-childcare-and-your-childs-sleep-routine,Navigate your child's sleep routine,True
/blog/what-are-assisted-sleep-associations,/blog,5 Month To 2 Years,True
/blog/what-are-assisted-sleep-associations,/blog,5-12 Months,True
/blog/what-are-assisted-sleep-associations,/blog,Infants,True
/blog/what-are-assisted-sleep-associations,/blog,Naps,True
/blog/what-are-assisted-sleep-associations,/blog,Product Reviews,True
/blog/what-are-assisted-sleep-associations,/blog,Sleep Environment,True
/blog/what-are-assisted-sleep-associations,/blog,Sleep Products,True
/blog/what-are-assisted-sleep-associations,/blog,Sleep Regressions,True
/blog/what-are-assisted-sleep-associations,/blog,Sleep Safety,True
/blog/what-are-assisted-sleep-associations,/blog,Transitions,True
/blog/what-are-assisted-sleep-associations,/author/sally-woods,,True
/blog/what-are-assisted-sleep-associations,/contact,Contact Us,True
/snooze,/,,True
/snooze,/newborn-sleep-guide,0-3 Months - Newborn Sleep Guide,True
/snooze,/3-4-month-baby-sleep-course,3-4 Months - Baby Sleep Course,True
/snooze,/5-12-month-baby-sleep-course,5-12 Months - Sleep Training Course,True
/snooze,/toddler-toolkit,12+ Months - Toddler Sleep Toolkit,True
/snooze,/one-on-one-sleep-consultations,Book a Consultation with Sally,True
/snooze,/camp-snooze-sleep-coaching,Camp Snooze 🏕️,True
/snooze,/blog,Blog,True
/snooze,/about-sally,About,True
/snooze,/login,Log In,True
/snooze,/resource_redirect/offers/6irarwak,Join Snooze,True
/snooze,/contact,Contact Us,True
/snooze,/offers/4zhpsrcs,Book a Consultation,True
/blog/will-my-baby-cry-when-making-sleep-changes-lets-talk-about-it,/,,True
/blog/will-my-baby-cry-when-making-sleep-changes-lets-talk-about-it,/newborn-sleep-guide,0-3 Months - Newborn Sleep Guide,True
/blog/will-my-baby-cry-when-making-sleep-changes-lets-talk-about-it,/3-4-month-baby-sleep-course,3-4 Months - Baby Sleep Course,True
/blog/will-my-baby-cry-when-making-sleep-changes-lets-talk-about-it,/5-12-month-baby-sleep-course,5-12 Months - Sleep Training Course,True
/blog/will-my-baby-cry-when-making-sleep-changes-lets-talk-about-it,/toddler-toolkit,12+ Months - Toddler Sleep Toolkit,True
/blog/will-my-baby-cry-when-making-sleep-changes-lets-talk-about-it,/one-on-one-sleep-consultations,Book a Consultation with Sally,True
/blog/will-my-baby-cry-when-making-sleep-changes-lets-talk-about-it,/camp-snooze-sleep-coaching,Camp Snooze 🏕️,True
/blog/will-my-baby-cry-when-making-sleep-changes-lets-talk-about-it,/blog,Blog,True
/blog/will-my-baby-cry-when-making-sleep-changes-lets-talk-about-it,/about-sally,About,True
/blog/will-my-baby-cry-when-making-sleep-changes-lets-talk-about-it,/login,Log In,True
/blog/will-my-baby-cry-when-making-sleep-changes-lets-talk-about-it,/resource_redirect/offers/6irarwak,Join Snooze,True
/blog/will-my-baby-cry-when-making-sleep-changes-lets-talk-about-it,/blog,5 Month To 2 Years,True
/blog/will-my-baby-cry-when-making-sleep-changes-lets-talk-about-it,/blog,Fourth Trimester,True
/blog/will-my-baby-cry-when-making-sleep-changes-lets-talk-about-it,/offers/4zhpsrcs,Ready for a call?,True
/blog/will-my-baby-cry-when-making-sleep-changes-lets-talk-about-it,/blog,5-12 Months,True
/blog/will-my-baby-cry-when-making-sleep-changes-lets-talk-about-it,/blog,Infants,True
/blog/will-my-baby-cry-when-making-sleep-changes-lets-talk-about-it,/blog,Naps,True
/blog/will-my-baby-cry-when-making-sleep-changes-lets-talk-about-it,/blog,Product Reviews,True
/blog/will-my-baby-cry-when-making-sleep-changes-lets-talk-about-it,/blog,Sleep Environment,True
/blog/will-my-baby-cry-when-making-sleep-changes-lets-talk-about-it,/blog,Sleep Products,True
/blog/will-my-baby-cry-when-making-sleep-changes-lets-talk-about-it,/blog,Sleep Regressions,True
/blog/will-my-baby-cry-when-making-sleep-changes-lets-talk-about-it,/blog,Sleep Safety,True
/blog/will-my-baby-cry-when-making-sleep-changes-lets-talk-about-it,/blog,Transitions,True
/blog/will-my-baby-cry-when-making-sleep-changes-lets-talk-about-it,/author/sally-woods,,True
/blog/will-my-baby-cry-when-making-sleep-changes-lets-talk-about-it,/contact,Contact Us,True
/newsletters/the-snooze-news,/,,True
/newsletters/the-snooze-news,/newborn-sleep-guide,0-3 Months - Newborn Sleep Guide,True
/newsletters/the-snooze-news,/3-4-month-baby-sleep-course,3-4 Months - Baby Sleep Course,True
/newsletters/the-snooze-news,/5-12-month-baby-sleep-course,5-12 Months - Sleep Training Course,True
/newsletters/the-snooze-news,/toddler-toolkit,12+ Months - Toddler Sleep Toolkit,True
/newsletters/the-snooze-news,/one-on-one-sleep-consultations,Book a Consultation with Sally,True
/newsletters/the-snooze-news,/camp-snooze-sleep-coaching,Camp Snooze 🏕️,True
/newsletters/the-snooze-news,/blog,Blog,True
/newsletters/the-snooze-news,/about-sally,About,True
/newsletters/the-snooze-news,/login,Log In,True
/newsletters/the-snooze-news,/resource_redirect/offers/6irarwak,Join Snooze,True
/newsletters/the-snooze-news,/contact,Contact Us,True
/newsletters/the-snooze-news,/offers/4zhpsrcs,Book a Consultation,True
/blog/shifting-your-babys-bedtime-for-daylight-savings,/,,True
/blog/shifting-your-babys-bedtime-for-daylight-savings,/newborn-sleep-guide,0-3 Months - Newborn Sleep Guide,True
/blog/shifting-your-babys-bedtime-for-daylight-savings,/3-4-month-baby-sleep-course,3-4 Months - Baby Sleep Course,True
/blog/shifting-your-babys-bedtime-for-daylight-savings,/5-12-month-baby-sleep-course,5-12 Months - Sleep Training Course,True
/blog/shifting-your-babys-bedtime-for-daylight-savings,/toddler-toolkit,12+ Months - Toddler Sleep Toolkit,True
/blog/shifting-your-babys-bedtime-for-daylight-savings,/one-on-one-sleep-consultations,Book a Consultation with Sally,True
/blog/shifting-your-babys-bedtime-for-daylight-savings,/camp-snooze-sleep-coaching,Camp Snooze 🏕️,True
/blog/shifting-your-babys-bedtime-for-daylight-savings,/blog,Blog,True
/blog/shifting-your-babys-bedtime-for-daylight-savings,/about-sally,About,True
/blog/shifting-your-babys-bedtime-for-daylight-savings,/login,Log In,True
/blog/shifting-your-babys-bedtime-for-daylight-savings,/resource_redirect/offers/6irarwak,Join Snooze,True
/blog/shifting-your-babys-bedtime-for-daylight-savings,/blog,5 Month To 2 Years,True
/blog/shifting-your-babys-bedtime-for-daylight-savings,/blog,Fourth Trimester,True
/blog/shifting-your-babys-bedtime-for-daylight-savings,/blog,Transitions,True
/blog/shifting-your-babys-bedtime-for-daylight-savings,/blog,5-12 Months,True
/blog/shifting-your-babys-bedtime-for-daylight-savings,/blog,Infants,True
/blog/shifting-your-babys-bedtime-for-daylight-savings,/blog,Naps,True
/blog/shifting-your-babys-bedtime-for-daylight-savings,/blog,Product Reviews,True
/blog/shifting-your-babys-bedtime-for-daylight-savings,/blog,Sleep Environment,True
/blog/shifting-your-babys-bedtime-for-daylight-savings,/blog,Sleep Products,True
/blog/shifting-your-babys-bedtime-for-daylight-savings,/blog,Sleep Regressions,True
/blog/shifting-your-babys-bedtime-for-daylight-savings,/blog,Sleep Safety,True
/blog/shifting-your-babys-bedtime-for-daylight-savings,/author/sally-woods,,True
/blog/shifting-your-babys-bedtime-for-daylight-savings,/contact,Contact Us,True
/blog/shifting-your-babys-bedtime-for-daylight-savings,/offers/4zhpsrcs,Book a Consultation,True
/downloads/baby-sleep-guide-5-to-12-months,/,,True
/downloads/baby-sleep-guide-5-to-12-months,/newborn-sleep-guide,0-3 Months - Newborn Sleep Guide,True
/downloads/baby-sleep-guide-5-to-12-months,/3-4-month-baby-sleep-course,3-4 Months - Baby Sleep Course,True
/downloads/baby-sleep-guide-5-to-12-months,/5-12-month-baby-sleep-course,5-12 Months - Sleep Training Course,True
/downloads/baby-sleep-guide-5-to-12-months,/toddler-toolkit,12+ Months - Toddler Sleep Toolkit,True
/downloads/baby-sleep-guide-5-to-12-months,/one-on-one-sleep-consultations,Book a Consultation with Sally,True
/downloads/baby-sleep-guide-5-to-12-months,/camp-snooze-sleep-coaching,Camp Snooze 🏕️,True
/downloads/baby-sleep-guide-5-to-12-months,/blog,Blog,True
/downloads/baby-sleep-guide-5-to-12-months,/about-sally,About,True
/downloads/baby-sleep-guide-5-to-12-months,/login,Log In,True
/downloads/baby-sleep-guide-5-to-12-months,/resource_redirect/offers/6irarwak,Join Snooze,True
/downloads/baby-sleep-guide-5-to-12-months,/password/new,Forgot Password,True
/downloads/baby-sleep-guide-5-to-12-months,/contact,Contact Us,True
/downloads/baby-sleep-guide-5-to-12-months,/offers/4zhpsrcs,Book a Consultation,True
/products/5-12-month-sleep-training-course,/,,True
/products/5-12-month-sleep-training-course,/newborn-sleep-guide,0-3 Months - Newborn Sleep Guide,True
/products/5-12-month-sleep-training-course,/3-4-month-baby-sleep-course,3-4 Months - Baby Sleep Course,True
/products/5-12-month-sleep-training-course,/5-12-month-baby-sleep-course,5-12 Months - Sleep Training Course,True
/products/5-12-month-sleep-training-course,/toddler-toolkit,12+ Months - Toddler Sleep Toolkit,True
/products/5-12-month-sleep-training-course,/one-on-one-sleep-consultations,Book a Consultation with Sally,True
/products/5-12-month-sleep-training-course,/camp-snooze-sleep-coaching,Camp Snooze 🏕️,True
/products/5-12-month-sleep-training-course,/blog,Blog,True
/products/5-12-month-sleep-training-course,/about-sally,About,True
/products/5-12-month-sleep-training-course,/login,Log In,True
/products/5-12-month-sleep-training-course,/resource_redirect/offers/6irarwak,Join Snooze,True
/products/5-12-month-sleep-training-course,/password/new,Forgot Password,True
/products/5-12-month-sleep-training-course,/contact,Contact Us,True
/products/5-12-month-sleep-training-course,/offers/4zhpsrcs,Book a Consultation,True
/account,/,,True
/account,/newborn-sleep-guide,0-3 Months - Newborn Sleep Guide,True
/account,/3-4-month-baby-sleep-course,3-4 Months - Baby Sleep Course,True
/account,/5-12-month-baby-sleep-course,5-12 Months - Sleep Training Course,True
/account,/toddler-toolkit,12+ Months - Toddler Sleep Toolkit,True
/account,/one-on-one-sleep-consultations,Book a Consultation with Sally,True
/account,/camp-snooze-sleep-coaching,Camp Snooze 🏕️,True
/account,/blog,Blog,True
/account,/about-sally,About,True
/account,/login,Log In,True
/account,/resource_redirect/offers/6irarwak,Join Snooze,True
/account,/contact,Contact Us,True
/account,/offers/4zhpsrcs,Book a Consultation,True
/blog/guide-to-self-settling-sleep-cycles,/,,True
/blog/guide-to-self-settling-sleep-cycles,/newborn-sleep-guide,0-3 Months - Newborn Sleep Guide,True
/blog/guide-to-self-settling-sleep-cycles,/3-4-month-baby-sleep-course,3-4 Months - Baby Sleep Course,True
/blog/guide-to-self-settling-sleep-cycles,/5-12-month-baby-sleep-course,5-12 Months - Sleep Training Course,True
/blog/guide-to-self-settling-sleep-cycles,/toddler-toolkit,12+ Months - Toddler Sleep Toolkit,True
/blog/guide-to-self-settling-sleep-cycles,/one-on-one-sleep-consultations,Book a Consultation with Sally,True
/blog/guide-to-self-settling-sleep-cycles,/camp-snooze-sleep-coaching,Camp Snooze 🏕️,True
/blog/guide-to-self-settling-sleep-cycles,/blog,Blog,True
/blog/guide-to-self-settling-sleep-cycles,/about-sally,About,True
/blog/guide-to-self-settling-sleep-cycles,/login,Log In,True
/blog/guide-to-self-settling-sleep-cycles,/resource_redirect/offers/6irarwak,Join Snooze,True
/blog/guide-to-self-settling-sleep-cycles,/blog,5 Month To 2 Years,True
/blog/guide-to-self-settling-sleep-cycles,/product/5-12-month-baby-sleep-guide,5–12 month sleep guide,True
/blog/guide-to-self-settling-sleep-cycles,/blog/tips-for-managing-baby-early-wake-ups,Tips to Help Your Baby Avoid Early Wake-Ups.,True
/blog/guide-to-self-settling-sleep-cycles,/blog/baby-sleep-schedule-wake-windows-vs-clock-schedules,Master your babyes sleep schedule,True
/blog/guide-to-self-settling-sleep-cycles,/blog,5-12 Months,True
/blog/guide-to-self-settling-sleep-cycles,/blog,Fourth Trimester,True
/blog/guide-to-self-settling-sleep-cycles,/blog,Infants,True
/blog/guide-to-self-settling-sleep-cycles,/blog,Naps,True
/blog/guide-to-self-settling-sleep-cycles,/blog,Product Reviews,True
/blog/guide-to-self-settling-sleep-cycles,/blog,Sleep Environment,True
/blog/guide-to-self-settling-sleep-cycles,/blog,Sleep Products,True
/blog/guide-to-self-settling-sleep-cycles,/blog,Sleep Regressions,True
/blog/guide-to-self-settling-sleep-cycles,/blog,Sleep Safety,True
/blog/guide-to-self-settling-sleep-cycles,/blog,Transitions,True
/blog/guide-to-self-settling-sleep-cycles,/author/sally-woods,,True
/blog/guide-to-self-settling-sleep-cycles,/contact,Contact Us,True
/blog/guide-to-self-settling-sleep-cycles,/offers/4zhpsrcs,Book a Consultation,True
/blog/should-we-discourage-babys-thumb-and-finger-sucking,/,,True
/blog/should-we-discourage-babys-thumb-and-finger-sucking,/newborn-sleep-guide,0-3 Months - Newborn Sleep Guide,True
/blog/should-we-discourage-babys-thumb-and-finger-sucking,/3-4-month-baby-sleep-course,3-4 Months - Baby Sleep Course,True
/blog/should-we-discourage-babys-thumb-and-finger-sucking,/5-12-month-baby-sleep-course,5-12 Months - Sleep Training Course,True
/blog/should-we-discourage-babys-thumb-and-finger-sucking,/toddler-toolkit,12+ Months - Toddler Sleep Toolkit,True
/blog/should-we-discourage-babys-thumb-and-finger-sucking,/one-on-one-sleep-consultations,Book a Consultation with Sally,True
/blog/should-we-discourage-babys-thumb-and-finger-sucking,/camp-snooze-sleep-coaching,Camp Snooze 🏕️,True
/blog/should-we-discourage-babys-thumb-and-finger-sucking,/blog,Blog,True
/blog/should-we-discourage-babys-thumb-and-finger-sucking,/about-sally,About,True
/blog/should-we-discourage-babys-thumb-and-finger-sucking,/login,Log In,True
/blog/should-we-discourage-babys-thumb-and-finger-sucking,/resource_redirect/offers/6irarwak,Join Snooze,True
/blog/should-we-discourage-babys-thumb-and-finger-sucking,/blog,5 Month To 2 Years,True
/blog/should-we-discourage-babys-thumb-and-finger-sucking,/blog,Fourth Trimester,True
/blog/should-we-discourage-babys-thumb-and-finger-sucking,/blog,5-12 Months,True
/blog/should-we-discourage-babys-thumb-and-finger-sucking,/blog,Infants,True
/blog/should-we-discourage-babys-thumb-and-finger-sucking,/blog,Naps,True
/blog/should-we-discourage-babys-thumb-and-finger-sucking,/blog,Product Reviews,True
/blog/should-we-discourage-babys-thumb-and-finger-sucking,/blog,Sleep Environment,True
/blog/should-we-discourage-babys-thumb-and-finger-sucking,/blog,Sleep Products,True
/blog/should-we-discourage-babys-thumb-and-finger-sucking,/blog,Sleep Regressions,True
/blog/should-we-discourage-babys-thumb-and-finger-sucking,/blog,Sleep Safety,True
/blog/should-we-discourage-babys-thumb-and-finger-sucking,/blog,Transitions,True
/blog/should-we-discourage-babys-thumb-and-finger-sucking,/author/sally-woods,,True
/blog/should-we-discourage-babys-thumb-and-finger-sucking,/contact,Contact Us,True
/blog/should-we-discourage-babys-thumb-and-finger-sucking,/offers/4zhpsrcs,Book a Consultation,True
/get-great-baby-sleep,/,,True
/get-great-baby-sleep,/newborn-sleep-guide,0-3 Months - Newborn Sleep Guide,True
/get-great-baby-sleep,/3-4-month-baby-sleep-course,3-4 Months - Baby Sleep Course,True
/get-great-baby-sleep,/5-12-month-baby-sleep-course,5-12 Months - Sleep Training Course,True
/get-great-baby-sleep,/toddler-toolkit,12+ Months - Toddler Sleep Toolkit,True
/get-great-baby-sleep,/one-on-one-sleep-consultations,Book a Consultation with Sally,True
/get-great-baby-sleep,/camp-snooze-sleep-coaching,Camp Snooze 🏕️,True
/get-great-baby-sleep,/blog,Blog,True
/get-great-baby-sleep,/about-sally,About,True
/get-great-baby-sleep,/login,Log In,True
/get-great-baby-sleep,/resource_redirect/offers/6irarwak,Join Snooze,True
/get-great-baby-sleep,/contact,Contact Us,True
/get-great-baby-sleep,/offers/4zhpsrcs,Book a Consultation,True
/products/the-snooze-method-5-12-month-sleep,/,,True
/products/the-snooze-method-5-12-month-sleep,/newborn-sleep-guide,0-3 Months - Newborn Sleep Guide,True
/products/the-snooze-method-5-12-month-sleep,/3-4-month-baby-sleep-course,3-4 Months - Baby Sleep Course,True
/products/the-snooze-method-5-12-month-sleep,/5-12-month-baby-sleep-course,5-12 Months - Sleep Training Course,True
/products/the-snooze-method-5-12-month-sleep,/toddler-toolkit,12+ Months - Toddler Sleep Toolkit,True
/products/the-snooze-method-5-12-month-sleep,/one-on-one-sleep-consultations,Book a Consultation with Sally,True
/products/the-snooze-method-5-12-month-sleep,/camp-snooze-sleep-coaching,Camp Snooze 🏕️,True
/products/the-snooze-method-5-12-month-sleep,/blog,Blog,True
/products/the-snooze-method-5-12-month-sleep,/about-sally,About,True
/products/the-snooze-method-5-12-month-sleep,/login,Log In,True
/products/the-snooze-method-5-12-month-sleep,/resource_redirect/offers/6irarwak,Join Snooze,True
/products/the-snooze-method-5-12-month-sleep,/password/new,Forgot Password,True
/products/the-snooze-method-5-12-month-sleep,/contact,Contact Us,True
/products/the-snooze-method-5-12-month-sleep,/offers/4zhpsrcs,Book a Consultation,True
/blog/4-month-regression-or-progression,/,,True
/blog/4-month-regression-or-progression,/newborn-sleep-guide,0-3 Months - Newborn Sleep Guide,True
/blog/4-month-regression-or-progression,/3-4-month-baby-sleep-course,3-4 Months - Baby Sleep Course,True
/blog/4-month-regression-or-progression,/5-12-month-baby-sleep-course,5-12 Months - Sleep Training Course,True
/blog/4-month-regression-or-progression,/toddler-toolkit,12+ Months - Toddler Sleep Toolkit,True
/blog/4-month-regression-or-progression,/one-on-one-sleep-consultations,Book a Consultation with Sally,True
/blog/4-month-regression-or-progression,/camp-snooze-sleep-coaching,Camp Snooze 🏕️,True
/blog/4-month-regression-or-progression,/blog,Blog,True
/blog/4-month-regression-or-progression,/about-sally,About,True
/blog/4-month-regression-or-progression,/login,Log In,True
/blog/4-month-regression-or-progression,/resource_redirect/offers/6irarwak,Join Snooze,True
/blog/4-month-regression-or-progression,/blog,Fourth Trimester,True
/blog/4-month-regression-or-progression,/blog,Sleep Regressions,True
/blog/4-month-regression-or-progression,/3-4-month-baby-sleep-course,The 3-4 Month Baby Sleep Course,True
/blog/4-month-regression-or-progression,/blog/how-to-make-change-when-the-4-month-sleep-regressions-hits,How to make change when the 4 month sleep regressions hits,True
/blog/4-month-regression-or-progression,/blog/guide-to-self-settling-sleep-cycles,"guide to self-settling, joining sleep cycles & consistent sc",True
/blog/4-month-regression-or-progression,/blog,5 Month To 2 Years,True
/blog/4-month-regression-or-progression,/blog,5-12 Months,True
/blog/4-month-regression-or-progression,/blog,Infants,True
/blog/4-month-regression-or-progression,/blog,Naps,True
/blog/4-month-regression-or-progression,/blog,Product Reviews,True
/blog/4-month-regression-or-progression,/blog,Sleep Environment,True
/blog/4-month-regression-or-progression,/blog,Sleep Products,True
/blog/4-month-regression-or-progression,/blog,Sleep Safety,True
/blog/4-month-regression-or-progression,/blog,Transitions,True
/blog/4-month-regression-or-progression,/author/sally-woods,,True
/blog/4-month-regression-or-progression,/contact,Contact Us,True
/blog/4-month-regression-or-progression,/offers/4zhpsrcs,Book a Consultation,True
/offers/6irarwak/checkout,/,,True
/offers/6irarwak/checkout,/newborn-sleep-guide,0-3 Months - Newborn Sleep Guide,True
/offers/6irarwak/checkout,/3-4-month-baby-sleep-course,3-4 Months - Baby Sleep Course,True
/offers/6irarwak/checkout,/5-12-month-baby-sleep-course,5-12 Months - Sleep Training Course,True
/offers/6irarwak/checkout,/toddler-toolkit,12+ Months - Toddler Sleep Toolkit,True
/offers/6irarwak/checkout,/one-on-one-sleep-consultations,Book a Consultation with Sally,True
/offers/6irarwak/checkout,/camp-snooze-sleep-coaching,Camp Snooze 🏕️,True
/offers/6irarwak/checkout,/blog,Blog,True
/offers/6irarwak/checkout,/about-sally,About,True
/offers/6irarwak/checkout,/login,Log In,True
/offers/6irarwak/checkout,/resource_redirect/offers/6irarwak,Join Snooze,True
/offers/6irarwak/checkout,/password/new,Forgot Password,True
/offers/6irarwak/checkout,/contact,Contact Us,True
/offers/6irarwak/checkout,/offers/4zhpsrcs,Book a Consultation,True
/offers/zaybidqh,/,,True
/offers/zaybidqh,/newborn-sleep-guide,0-3 Months - Newborn Sleep Guide,True
/offers/zaybidqh,/3-4-month-baby-sleep-course,3-4 Months - Baby Sleep Course,True
/offers/zaybidqh,/5-12-month-baby-sleep-course,5-12 Months - Sleep Training Course,True
/offers/zaybidqh,/toddler-toolkit,12+ Months - Toddler Sleep Toolkit,True
/offers/zaybidqh,/one-on-one-sleep-consultations,Book a Consultation with Sally,True
/offers/zaybidqh,/camp-snooze-sleep-coaching,Camp Snooze 🏕️,True
/offers/zaybidqh,/blog,Blog,True
/offers/zaybidqh,/about-sally,About,True
/offers/zaybidqh,/login,Log In,True
/offers/zaybidqh,/resource_redirect/offers/6irarwak,Join Snooze,True
/offers/zaybidqh,/password/new,Forgot Password,True
/offers/zaybidqh,/contact,Contact Us,True
/offers/zaybidqh,/offers/4zhpsrcs,Book a Consultation,True
/blog/the-power-of-calm-but-awake-for-babies,/,,True
/blog/the-power-of-calm-but-awake-for-babies,/newborn-sleep-guide,0-3 Months - Newborn Sleep Guide,True
/blog/the-power-of-calm-but-awake-for-babies,/3-4-month-baby-sleep-course,3-4 Months - Baby Sleep Course,True
/blog/the-power-of-calm-but-awake-for-babies,/5-12-month-baby-sleep-course,5-12 Months - Sleep Training Course,True
/blog/the-power-of-calm-but-awake-for-babies,/toddler-toolkit,12+ Months - Toddler Sleep Toolkit,True
/blog/the-power-of-calm-but-awake-for-babies,/one-on-one-sleep-consultations,Book a Consultation with Sally,True
/blog/the-power-of-calm-but-awake-for-babies,/camp-snooze-sleep-coaching,Camp Snooze 🏕️,True
/blog/the-power-of-calm-but-awake-for-babies,/blog,Blog,True
/blog/the-power-of-calm-but-awake-for-babies,/about-sally,About,True
/blog/the-power-of-calm-but-awake-for-babies,/login,Log In,True
/blog/the-power-of-calm-but-awake-for-babies,/resource_redirect/offers/6irarwak,Join Snooze,True
/blog/the-power-of-calm-but-awake-for-babies,/blog,5 Month To 2 Years,True
/blog/the-power-of-calm-but-awake-for-babies,/offers/4zhpsrcs,Join a call with me,True
/blog/the-power-of-calm-but-awake-for-babies,/product/5-12-month-baby-sleep-guide,5-12 month sleep guide,True
/blog/the-power-of-calm-but-awake-for-babies,/blog,5-12 Months,True
/blog/the-power-of-calm-but-awake-for-babies,/blog,Fourth Trimester,True
/blog/the-power-of-calm-but-awake-for-babies,/blog,Infants,True
/blog/the-power-of-calm-but-awake-for-babies,/blog,Naps,True
/blog/the-power-of-calm-but-awake-for-babies,/blog,Product Reviews,True
/blog/the-power-of-calm-but-awake-for-babies,/blog,Sleep Environment,True
/blog/the-power-of-calm-but-awake-for-babies,/blog,Sleep Products,True
/blog/the-power-of-calm-but-awake-for-babies,/blog,Sleep Regressions,True
/blog/the-power-of-calm-but-awake-for-babies,/blog,Sleep Safety,True
/blog/the-power-of-calm-but-awake-for-babies,/blog,Transitions,True
/blog/the-power-of-calm-but-awake-for-babies,/author/sally-woods,,True
/blog/the-power-of-calm-but-awake-for-babies,/contact,Contact Us,True
/login,/,,True
/login,/newborn-sleep-guide,0-3 Months - Newborn Sleep Guide,True
/login,/3-4-month-baby-sleep-course,3-4 Months - Baby Sleep Course,True
/login,/5-12-month-baby-sleep-course,5-12 Months - Sleep Training Course,True
/login,/toddler-toolkit,12+ Months - Toddler Sleep Toolkit,True
/login,/one-on-one-sleep-consultations,Book a Consultation with Sally,True
/login,/camp-snooze-sleep-coaching,Camp Snooze 🏕️,True
/login,/blog,Blog,True
/login,/about-sally,About,True
/login,/login,Log In,True
/login,/resource_redirect/offers/6irarwak,Join Snooze,True
/login,/password/new,Forgot Password,True
/login,/contact,Contact Us,True
/login,/offers/4zhpsrcs,Book a Consultation,True
/offers/5xl3narf/checkout,/,,True
/offers/5xl3narf/checkout,/newborn-sleep-guide,0-3 Months - Newborn Sleep Guide,True
/offers/5xl3narf/checkout,/3-4-month-baby-sleep-course,3-4 Months - Baby Sleep Course,True
/offers/5xl3narf/checkout,/5-12-month-baby-sleep-course,5-12 Months - Sleep Training Course,True
/offers/5xl3narf/checkout,/toddler-toolkit,12+ Months - Toddler Sleep Toolkit,True
/offers/5xl3narf/checkout,/one-on-one-sleep-consultations,Book a Consultation with Sally,True
/offers/5xl3narf/checkout,/camp-snooze-sleep-coaching,Camp Snooze 🏕️,True
/offers/5xl3narf/checkout,/blog,Blog,True
/offers/5xl3narf/checkout,/about-sally,About,True
/offers/5xl3narf/checkout,/login,Log In,True
/offers/5xl3narf/checkout,/resource_redirect/offers/6irarwak,Join Snooze,True
/offers/5xl3narf/checkout,/password/new,Forgot Password,True
/offers/5xl3narf/checkout,/contact,Contact Us,True
/offers/5xl3narf/checkout,/offers/4zhpsrcs,Book a Consultation,True
/4-month-sleep-regression-survival-guide,/,,True
/4-month-sleep-regression-survival-guide,/4-month-sleep-regression-survival-guide,"YES, I NEED SLEEP!",True
/one-on-one-sleep-consultations,/,,True
/one-on-one-sleep-consultations,/newborn-sleep-guide,0-3 Months - Newborn Sleep Guide,True
/one-on-one-sleep-consultations,/3-4-month-baby-sleep-course,3-4 Months - Baby Sleep Course,True
/one-on-one-sleep-consultations,/5-12-month-baby-sleep-course,5-12 Months - Sleep Training Course,True
/one-on-one-sleep-consultations,/toddler-toolkit,12+ Months - Toddler Sleep Toolkit,True
/one-on-one-sleep-consultations,/one-on-one-sleep-consultations,Book a Consultation with Sally,True
/one-on-one-sleep-consultations,/camp-snooze-sleep-coaching,Camp Snooze 🏕️,True
/one-on-one-sleep-consultations,/blog,Blog,True
/one-on-one-sleep-consultations,/about-sally,About,True
/one-on-one-sleep-consultations,/login,Log In,True
/one-on-one-sleep-consultations,/resource_redirect/offers/6irarwak,Join Snooze,True
/one-on-one-sleep-consultations,/one-on-one-sleep-consultations,View Consultation Packages,True
/one-on-one-sleep-consultations,/offers/4zhpsrcs/checkout,Book Your Consultation,True
/one-on-one-sleep-consultations,/offers/z63s9var,Join Snooze,True
/one-on-one-sleep-consultations,/offers/jrxwanvo/checkout,Book Follow-Up,True
/one-on-one-sleep-consultations,/offers/mwisia6a/checkout,Book Your 2-Week Package,True
/one-on-one-sleep-consultations,/products/communities/v2/snooze,Tell Me About Your Village,True
/one-on-one-sleep-consultations,/snooze-library,Library Access,True
/one-on-one-sleep-consultations,/products/communities/v2/snooze,Snooze Village,True
/one-on-one-sleep-consultations,/account,Your Account,True
/one-on-one-sleep-consultations,/contact,Contact Us,True
/one-on-one-sleep-consultations,/terms-conditions,Terms of Service,True
/one-on-one-sleep-consultations,/privacy-policy,Privacy Policy,True
/one-on-one-sleep-consultations,/offers/4zhpsrcs,Book a Consultation,True
/offers/jrxwanvo/checkout,/,,True
/offers/jrxwanvo/checkout,/camp-snooze-sleep-coaching,Camp Snooze 🏕️,True
/offers/jrxwanvo/checkout,/blog,Blog,True
/offers/jrxwanvo/checkout,/about-sally,About,True
/offers/jrxwanvo/checkout,/contact,Contact,True
/offers/jrxwanvo/checkout,/login,Log In,True
/offers/jrxwanvo/checkout,/terms-conditions,Terms & Conditions,True
/offers/4zhpsrcs,/,,True
/offers/4zhpsrcs,/camp-snooze-sleep-coaching,Camp Snooze 🏕️,True
/offers/4zhpsrcs,/blog,Blog,True
/offers/4zhpsrcs,/about-sally,About,True
/offers/4zhpsrcs,/contact,Contact,True
/offers/4zhpsrcs,/login,Log In,True
/offers/4zhpsrcs,/offers/jrxwanvo,book here,True
/offers/4zhpsrcs,/terms-conditions,Terms & Conditions,True
/blog/tips-for-managing-baby-early-wake-ups,/,,True
/blog/tips-for-managing-baby-early-wake-ups,/newborn-sleep-guide,0-3 Months - Newborn Sleep Guide,True
/blog/tips-for-managing-baby-early-wake-ups,/3-4-month-baby-sleep-course,3-4 Months - Baby Sleep Course,True
/blog/tips-for-managing-baby-early-wake-ups,/5-12-month-baby-sleep-course,5-12 Months - Sleep Training Course,True
/blog/tips-for-managing-baby-early-wake-ups,/toddler-toolkit,12+ Months - Toddler Sleep Toolkit,True
/blog/tips-for-managing-baby-early-wake-ups,/one-on-one-sleep-consultations,Book a Consultation with Sally,True
/blog/tips-for-managing-baby-early-wake-ups,/camp-snooze-sleep-coaching,Camp Snooze 🏕️,True
/blog/tips-for-managing-baby-early-wake-ups,/blog,Blog,True
/blog/tips-for-managing-baby-early-wake-ups,/about-sally,About,True
/blog/tips-for-managing-baby-early-wake-ups,/login,Log In,True
/blog/tips-for-managing-baby-early-wake-ups,/resource_redirect/offers/6irarwak,Join Snooze,True
/blog/tips-for-managing-baby-early-wake-ups,/blog,5 Month To 2 Years,True
/blog/tips-for-managing-baby-early-wake-ups,/blog/navigating-childcare-and-your-childs-sleep-routine,childcare and child sleep care,True
/blog/tips-for-managing-baby-early-wake-ups,/blog/stop-swaddle-time-for-your-baby,Stop your baby's swaddle time,True
/blog/tips-for-managing-baby-early-wake-ups,/blog/guide-to-self-settling-sleep-cycles,sleep cycles on their own,True
/blog/tips-for-managing-baby-early-wake-ups,/blog,5-12 Months,True
/blog/tips-for-managing-baby-early-wake-ups,/blog,Fourth Trimester,True
/blog/tips-for-managing-baby-early-wake-ups,/blog,Infants,True
/blog/tips-for-managing-baby-early-wake-ups,/blog,Naps,True
/blog/tips-for-managing-baby-early-wake-ups,/blog,Product Reviews,True
/blog/tips-for-managing-baby-early-wake-ups,/blog,Sleep Environment,True
/blog/tips-for-managing-baby-early-wake-ups,/blog,Sleep Products,True
/blog/tips-for-managing-baby-early-wake-ups,/blog,Sleep Regressions,True
/blog/tips-for-managing-baby-early-wake-ups,/blog,Sleep Safety,True
/blog/tips-for-managing-baby-early-wake-ups,/blog,Transitions,True
/blog/tips-for-managing-baby-early-wake-ups,/author/sally-woods,,True
/blog/tips-for-managing-baby-early-wake-ups,/contact,Contact Us,True
/blog/tips-for-managing-baby-early-wake-ups,/offers/4zhpsrcs,Book a Consultation,True
/downloads/newborn-sleep-guide-by-the-sleep-concierge,/,,True
/downloads/newborn-sleep-guide-by-the-sleep-concierge,/newborn-sleep-guide,0-3 Months - Newborn Sleep Guide,True
/downloads/newborn-sleep-guide-by-the-sleep-concierge,/3-4-month-baby-sleep-course,3-4 Months - Baby Sleep Course,True
/downloads/newborn-sleep-guide-by-the-sleep-concierge,/5-12-month-baby-sleep-course,5-12 Months - Sleep Training Course,True
/downloads/newborn-sleep-guide-by-the-sleep-concierge,/toddler-toolkit,12+ Months - Toddler Sleep Toolkit,True
/downloads/newborn-sleep-guide-by-the-sleep-concierge,/one-on-one-sleep-consultations,Book a Consultation with Sally,True
/downloads/newborn-sleep-guide-by-the-sleep-concierge,/camp-snooze-sleep-coaching,Camp Snooze 🏕️,True
/downloads/newborn-sleep-guide-by-the-sleep-concierge,/blog,Blog,True
/downloads/newborn-sleep-guide-by-the-sleep-concierge,/about-sally,About,True
/downloads/newborn-sleep-guide-by-the-sleep-concierge,/login,Log In,True
/downloads/newborn-sleep-guide-by-the-sleep-concierge,/resource_redirect/offers/6irarwak,Join Snooze,True
/downloads/newborn-sleep-guide-by-the-sleep-concierge,/password/new,Forgot Password,True
/downloads/newborn-sleep-guide-by-the-sleep-concierge,/contact,Contact Us,True
/downloads/newborn-sleep-guide-by-the-sleep-concierge,/offers/4zhpsrcs,Book a Consultation,True
/products/settling-techniques-module-from-snooze-by-the-sleep-concierge,/,,True
/products/settling-techniques-module-from-snooze-by-the-sleep-concierge,/newborn-sleep-guide,0-3 Months - Newborn Sleep Guide,True
/products/settling-techniques-module-from-snooze-by-the-sleep-concierge,/3-4-month-baby-sleep-course,3-4 Months - Baby Sleep Course,True
/products/settling-techniques-module-from-snooze-by-the-sleep-concierge,/5-12-month-baby-sleep-course,5-12 Months - Sleep Training Course,True
/products/settling-techniques-module-from-snooze-by-the-sleep-concierge,/toddler-toolkit,12+ Months - Toddler Sleep Toolkit,True
/products/settling-techniques-module-from-snooze-by-the-sleep-concierge,/one-on-one-sleep-consultations,Book a Consultation with Sally,True
/products/settling-techniques-module-from-snooze-by-the-sleep-concierge,/camp-snooze-sleep-coaching,Camp Snooze 🏕️,True
/products/settling-techniques-module-from-snooze-by-the-sleep-concierge,/blog,Blog,True
/products/settling-techniques-module-from-snooze-by-the-sleep-concierge,/about-sally,About,True
/products/settling-techniques-module-from-snooze-by-the-sleep-concierge,/login,Log In,True
/products/settling-techniques-module-from-snooze-by-the-sleep-concierge,/resource_redirect/offers/6irarwak,Join Snooze,True
/products/settling-techniques-module-from-snooze-by-the-sleep-concierge,/password/new,Forgot Password,True
/products/settling-techniques-module-from-snooze-by-the-sleep-concierge,/contact,Contact Us,True
/products/settling-techniques-module-from-snooze-by-the-sleep-concierge,/offers/4zhpsrcs,Book a Consultation,True
/terms-conditions,/,,True
/terms-conditions,/newborn-sleep-guide,0-3 Months - Newborn Sleep Guide,True
/terms-conditions,/3-4-month-baby-sleep-course,3-4 Months - Baby Sleep Course,True
/terms-conditions,/5-12-month-baby-sleep-course,5-12 Months - Sleep Training Course,True
/terms-conditions,/toddler-toolkit,12+ Months - Toddler Sleep Toolkit,True
/terms-conditions,/one-on-one-sleep-consultations,Book a Consultation with Sally,True
/terms-conditions,/camp-snooze-sleep-coaching,Camp Snooze 🏕️,True
/terms-conditions,/blog,Blog,True
/terms-conditions,/about-sally,About,True
/terms-conditions,/login,Log In,True
/terms-conditions,/resource_redirect/offers/6irarwak,Join Snooze,True
/terms-conditions,mailto:sally@sleepconcierge.com.au,sally@sleepconcierge.com.au,True
/terms-conditions,/privacy-policy,Privacy Policy,True
/terms-conditions,/snooze-library,Library Access,True
/terms-conditions,/products/communities/v2/snooze,Snooze Village,True
/terms-conditions,/account,Your Account,True
/terms-conditions,/contact,Contact Us,True
/terms-conditions,/terms-conditions,Terms of Service,True
/terms-conditions,/privacy,Privacy Policy,True
/terms-conditions,/offers/4zhpsrcs,Book a Consultation,True
/downloads/the-roadmap-to-a-smooth-3-to-2-nap-transition-6-9-month-old-babies,/,,True
/downloads/the-roadmap-to-a-smooth-3-to-2-nap-transition-6-9-month-old-babies,/newborn-sleep-guide,0-3 Months - Newborn Sleep Guide,True
/downloads/the-roadmap-to-a-smooth-3-to-2-nap-transition-6-9-month-old-babies,/3-4-month-baby-sleep-course,3-4 Months - Baby Sleep Course,True
/downloads/the-roadmap-to-a-smooth-3-to-2-nap-transition-6-9-month-old-babies,/5-12-month-baby-sleep-course,5-12 Months - Sleep Training Course,True
/downloads/the-roadmap-to-a-smooth-3-to-2-nap-transition-6-9-month-old-babies,/toddler-toolkit,12+ Months - Toddler Sleep Toolkit,True
/downloads/the-roadmap-to-a-smooth-3-to-2-nap-transition-6-9-month-old-babies,/one-on-one-sleep-consultations,Book a Consultation with Sally,True
/downloads/the-roadmap-to-a-smooth-3-to-2-nap-transition-6-9-month-old-babies,/camp-snooze-sleep-coaching,Camp Snooze 🏕️,True
/downloads/the-roadmap-to-a-smooth-3-to-2-nap-transition-6-9-month-old-babies,/blog,Blog,True
/downloads/the-roadmap-to-a-smooth-3-to-2-nap-transition-6-9-month-old-babies,/about-sally,About,True
/downloads/the-roadmap-to-a-smooth-3-to-2-nap-transition-6-9-month-old-babies,/login,Log In,True
/downloads/the-roadmap-to-a-smooth-3-to-2-nap-transition-6-9-month-old-babies,/resource_redirect/offers/6irarwak,Join Snooze,True
/downloads/the-roadmap-to-a-smooth-3-to-2-nap-transition-6-9-month-old-babies,/password/new,Forgot Password,True
/downloads/the-roadmap-to-a-smooth-3-to-2-nap-transition-6-9-month-old-babies,/contact,Contact Us,True
/downloads/the-roadmap-to-a-smooth-3-to-2-nap-transition-6-9-month-old-babies,/offers/4zhpsrcs,Book a Consultation,True
/downloads/catnapping-guide,/,,True
/downloads/catnapping-guide,/newborn-sleep-guide,0-3 Months - Newborn Sleep Guide,True
/downloads/catnapping-guide,/3-4-month-baby-sleep-course,3-4 Months - Baby Sleep Course,True
/downloads/catnapping-guide,/5-12-month-baby-sleep-course,5-12 Months - Sleep Training Course,True
/downloads/catnapping-guide,/toddler-toolkit,12+ Months - Toddler Sleep Toolkit,True
/downloads/catnapping-guide,/one-on-one-sleep-consultations,Book a Consultation with Sally,True
/downloads/catnapping-guide,/camp-snooze-sleep-coaching,Camp Snooze 🏕️,True
/downloads/catnapping-guide,/blog,Blog,True
/downloads/catnapping-guide,/about-sally,About,True
/downloads/catnapping-guide,/login,Log In,True
/downloads/catnapping-guide,/resource_redirect/offers/6irarwak,Join Snooze,True
/downloads/catnapping-guide,/password/new,Forgot Password,True
/downloads/catnapping-guide,/contact,Contact Us,True
/downloads/catnapping-guide,/offers/4zhpsrcs,Book a Consultation,True
/blog/7-tips-for-maintaining-you-babys-sleep-while-travelling,/,,True
/blog/7-tips-for-maintaining-you-babys-sleep-while-travelling,/newborn-sleep-guide,0-3 Months - Newborn Sleep Guide,True
/blog/7-tips-for-maintaining-you-babys-sleep-while-travelling,/3-4-month-baby-sleep-course,3-4 Months - Baby Sleep Course,True
/blog/7-tips-for-maintaining-you-babys-sleep-while-travelling,/5-12-month-baby-sleep-course,5-12 Months - Sleep Training Course,True
/blog/7-tips-for-maintaining-you-babys-sleep-while-travelling,/toddler-toolkit,12+ Months - Toddler Sleep Toolkit,True
/blog/7-tips-for-maintaining-you-babys-sleep-while-travelling,/one-on-one-sleep-consultations,Book a Consultation with Sally,True
/blog/7-tips-for-maintaining-you-babys-sleep-while-travelling,/camp-snooze-sleep-coaching,Camp Snooze 🏕️,True
/blog/7-tips-for-maintaining-you-babys-sleep-while-travelling,/blog,Blog,True
/blog/7-tips-for-maintaining-you-babys-sleep-while-travelling,/about-sally,About,True
/blog/7-tips-for-maintaining-you-babys-sleep-while-travelling,/login,Log In,True
/blog/7-tips-for-maintaining-you-babys-sleep-while-travelling,/resource_redirect/offers/6irarwak,Join Snooze,True
/blog/7-tips-for-maintaining-you-babys-sleep-while-travelling,/blog,5 Month To 2 Years,True
/blog/7-tips-for-maintaining-you-babys-sleep-while-travelling,/blog/glow-dreaming-white-noise-review,Why pink noise machine is must-have stuff?,True
/blog/7-tips-for-maintaining-you-babys-sleep-while-travelling,/offers/4zhpsrcs/checkout,You can book a call with me,True
/blog/7-tips-for-maintaining-you-babys-sleep-while-travelling,/blog,5-12 Months,True
/blog/7-tips-for-maintaining-you-babys-sleep-while-travelling,/blog,Fourth Trimester,True
/blog/7-tips-for-maintaining-you-babys-sleep-while-travelling,/blog,Infants,True
/blog/7-tips-for-maintaining-you-babys-sleep-while-travelling,/blog,Naps,True
/blog/7-tips-for-maintaining-you-babys-sleep-while-travelling,/blog,Product Reviews,True
/blog/7-tips-for-maintaining-you-babys-sleep-while-travelling,/blog,Sleep Environment,True
/blog/7-tips-for-maintaining-you-babys-sleep-while-travelling,/blog,Sleep Products,True
/blog/7-tips-for-maintaining-you-babys-sleep-while-travelling,/blog,Sleep Regressions,True
/blog/7-tips-for-maintaining-you-babys-sleep-while-travelling,/blog,Sleep Safety,True
/blog/7-tips-for-maintaining-you-babys-sleep-while-travelling,/blog,Transitions,True
/blog/7-tips-for-maintaining-you-babys-sleep-while-travelling,/author/sally-woods,,True
/blog/7-tips-for-maintaining-you-babys-sleep-while-travelling,/contact,Contact Us,True
/blog/7-tips-for-maintaining-you-babys-sleep-while-travelling,/offers/4zhpsrcs,Book a Consultation,True
/products/communities/v2/snooze/resource/9f86d81f-18f7-494e-bad0-60ead4a4fde0,/,,True
/products/communities/v2/snooze/resource/9f86d81f-18f7-494e-bad0-60ead4a4fde0,/newborn-sleep-guide,0-3 Months - Newborn Sleep Guide,True
/products/communities/v2/snooze/resource/9f86d81f-18f7-494e-bad0-60ead4a4fde0,/3-4-month-baby-sleep-course,3-4 Months - Baby Sleep Course,True
/products/communities/v2/snooze/resource/9f86d81f-18f7-494e-bad0-60ead4a4fde0,/5-12-month-baby-sleep-course,5-12 Months - Sleep Training Course,True
/products/communities/v2/snooze/resource/9f86d81f-18f7-494e-bad0-60ead4a4fde0,/toddler-toolkit,12+ Months - Toddler Sleep Toolkit,True
/products/communities/v2/snooze/resource/9f86d81f-18f7-494e-bad0-60ead4a4fde0,/one-on-one-sleep-consultations,Book a Consultation with Sally,True
/products/communities/v2/snooze/resource/9f86d81f-18f7-494e-bad0-60ead4a4fde0,/camp-snooze-sleep-coaching,Camp Snooze 🏕️,True
/products/communities/v2/snooze/resource/9f86d81f-18f7-494e-bad0-60ead4a4fde0,/blog,Blog,True
/products/communities/v2/snooze/resource/9f86d81f-18f7-494e-bad0-60ead4a4fde0,/about-sally,About,True
/products/communities/v2/snooze/resource/9f86d81f-18f7-494e-bad0-60ead4a4fde0,/login,Log In,True
/products/communities/v2/snooze/resource/9f86d81f-18f7-494e-bad0-60ead4a4fde0,/resource_redirect/offers/6irarwak,Join Snooze,True
/products/communities/v2/snooze/resource/9f86d81f-18f7-494e-bad0-60ead4a4fde0,/password/new,Forgot Password,True
/products/communities/v2/snooze/resource/9f86d81f-18f7-494e-bad0-60ead4a4fde0,/contact,Contact Us,True
/products/communities/v2/snooze/resource/9f86d81f-18f7-494e-bad0-60ead4a4fde0,/offers/4zhpsrcs,Book a Consultation,True
/thankyou/lmcr08-access,/,,True
/thankyou/lmcr08-access,/camp-snooze-sleep-coaching,Camp Snooze 🏕️,True
/thankyou/lmcr08-access,/blog,Blog,True
/thankyou/lmcr08-access,/about-sally,About,True
/thankyou/lmcr08-access,/contact,Contact,True
/thankyou/lmcr08-access,/login,Log In,True
/thankyou/lmcr08-access,/products/3-4-month-4hr-feeds-free-module/categories/2159312498/posts/2194391112,👉 Go to the Free 4hr Feeds Module,True
/thankyou/lmcr08-access,/offers/euek3whl/checkout,Unlock the Full 3-4 Month Sleep Course,True
/thankyou/lmcr08-access,/offers/z63s9var/checkout,Join Snooze for Full Access + Support,True
/contact,/,,True
/contact,/newborn-sleep-guide,0-3 Months - Newborn Sleep Guide,True
/contact,/3-4-month-baby-sleep-course,3-4 Months - Baby Sleep Course,True
/contact,/5-12-month-baby-sleep-course,5-12 Months - Sleep Training Course,True
/contact,/toddler-toolkit,12+ Months - Toddler Sleep Toolkit,True
/contact,/one-on-one-sleep-consultations,Book a Consultation with Sally,True
/contact,/camp-snooze-sleep-coaching,Camp Snooze 🏕️,True
/contact,/blog,Blog,True
/contact,/about-sally,About,True
/contact,/login,Log In,True
/contact,/resource_redirect/offers/6irarwak,Join Snooze,True
/contact,/contact,FAQs,True
/contact,/snooze-library,Library Access,True
/contact,/products/communities/v2/snooze,Snooze Village,True
/contact,/account,Your Account,True
/contact,/contact,Contact Us,True
/contact,/terms-conditions,Terms of Service,True
/contact,/privacy-policy,Privacy Policy,True
/contact,/offers/4zhpsrcs,Book a Consultation,True
/blog/baby-sleep-schedule-wake-windows-vs-clock-schedules,/,,True
/blog/baby-sleep-schedule-wake-windows-vs-clock-schedules,/newborn-sleep-guide,0-3 Months - Newborn Sleep Guide,True
/blog/baby-sleep-schedule-wake-windows-vs-clock-schedules,/3-4-month-baby-sleep-course,3-4 Months - Baby Sleep Course,True
/blog/baby-sleep-schedule-wake-windows-vs-clock-schedules,/5-12-month-baby-sleep-course,5-12 Months - Sleep Training Course,True
/blog/baby-sleep-schedule-wake-windows-vs-clock-schedules,/toddler-toolkit,12+ Months - Toddler Sleep Toolkit,True
/blog/baby-sleep-schedule-wake-windows-vs-clock-schedules,/one-on-one-sleep-consultations,Book a Consultation with Sally,True
/blog/baby-sleep-schedule-wake-windows-vs-clock-schedules,/camp-snooze-sleep-coaching,Camp Snooze 🏕️,True
/blog/baby-sleep-schedule-wake-windows-vs-clock-schedules,/blog,Blog,True
/blog/baby-sleep-schedule-wake-windows-vs-clock-schedules,/about-sally,About,True
/blog/baby-sleep-schedule-wake-windows-vs-clock-schedules,/login,Log In,True
/blog/baby-sleep-schedule-wake-windows-vs-clock-schedules,/resource_redirect/offers/6irarwak,Join Snooze,True
/blog/baby-sleep-schedule-wake-windows-vs-clock-schedules,/blog,5 Month To 2 Years,True
/blog/baby-sleep-schedule-wake-windows-vs-clock-schedules,/blog,Fourth Trimester,True
/blog/baby-sleep-schedule-wake-windows-vs-clock-schedules,/blog/tips-for-managing-baby-early-wake-ups,Help your baby to avoid waking up early.,True
/blog/baby-sleep-schedule-wake-windows-vs-clock-schedules,/about,Learn more about me,True
/blog/baby-sleep-schedule-wake-windows-vs-clock-schedules,/offers/4zhpsrcs,Schedule a call with me,True
/blog/baby-sleep-schedule-wake-windows-vs-clock-schedules,/blog/guide-to-self-settling-sleep-cycles,"Self-Settling, Joining Sleep Cycles, and Consistent Schedule",True
/blog/baby-sleep-schedule-wake-windows-vs-clock-schedules,/recommended-products,recommend these products,True
/blog/baby-sleep-schedule-wake-windows-vs-clock-schedules,/blog,5-12 Months,True
/blog/baby-sleep-schedule-wake-windows-vs-clock-schedules,/blog,Infants,True
/blog/baby-sleep-schedule-wake-windows-vs-clock-schedules,/blog,Naps,True
/blog/baby-sleep-schedule-wake-windows-vs-clock-schedules,/blog,Product Reviews,True
/blog/baby-sleep-schedule-wake-windows-vs-clock-schedules,/blog,Sleep Environment,True
/blog/baby-sleep-schedule-wake-windows-vs-clock-schedules,/blog,Sleep Products,True
/blog/baby-sleep-schedule-wake-windows-vs-clock-schedules,/blog,Sleep Regressions,True
/blog/baby-sleep-schedule-wake-windows-vs-clock-schedules,/blog,Sleep Safety,True
/blog/baby-sleep-schedule-wake-windows-vs-clock-schedules,/blog,Transitions,True
/blog/baby-sleep-schedule-wake-windows-vs-clock-schedules,/author/sally-woods,,True
/blog/baby-sleep-schedule-wake-windows-vs-clock-schedules,/contact,Contact Us,True
/blog/my-honest-snoo-experience-and-review,/,,True
/blog/my-honest-snoo-experience-and-review,/newborn-sleep-guide,0-3 Months - Newborn Sleep Guide,True
/blog/my-honest-snoo-experience-and-review,/3-4-month-baby-sleep-course,3-4 Months - Baby Sleep Course,True
/blog/my-honest-snoo-experience-and-review,/5-12-month-baby-sleep-course,5-12 Months - Sleep Training Course,True
/blog/my-honest-snoo-experience-and-review,/toddler-toolkit,12+ Months - Toddler Sleep Toolkit,True
/blog/my-honest-snoo-experience-and-review,/one-on-one-sleep-consultations,Book a Consultation with Sally,True
/blog/my-honest-snoo-experience-and-review,/camp-snooze-sleep-coaching,Camp Snooze 🏕️,True
/blog/my-honest-snoo-experience-and-review,/blog,Blog,True
/blog/my-honest-snoo-experience-and-review,/about-sally,About,True
/blog/my-honest-snoo-experience-and-review,/login,Log In,True
/blog/my-honest-snoo-experience-and-review,/resource_redirect/offers/6irarwak,Join Snooze,True
/blog/my-honest-snoo-experience-and-review,/blog,5 Month To 2 Years,True
/blog/my-honest-snoo-experience-and-review,/blog,5-12 Months,True
/blog/my-honest-snoo-experience-and-review,/blog,Fourth Trimester,True
/blog/my-honest-snoo-experience-and-review,/blog,Infants,True
/blog/my-honest-snoo-experience-and-review,/blog,Naps,True
/blog/my-honest-snoo-experience-and-review,/blog,Product Reviews,True
/blog/my-honest-snoo-experience-and-review,/blog,Sleep Environment,True
/blog/my-honest-snoo-experience-and-review,/blog,Sleep Products,True
/blog/my-honest-snoo-experience-and-review,/blog,Sleep Regressions,True
/blog/my-honest-snoo-experience-and-review,/blog,Sleep Safety,True
/blog/my-honest-snoo-experience-and-review,/blog,Transitions,True
/blog/my-honest-snoo-experience-and-review,/author/sally-woods,,True
/blog/my-honest-snoo-experience-and-review,/contact,Contact Us,True
/blog/my-honest-snoo-experience-and-review,/offers/4zhpsrcs,Book a Consultation,True
/blog/stop-4-month-babies-sleep-regression-fear,/,,True
/blog/stop-4-month-babies-sleep-regression-fear,/newborn-sleep-guide,0-3 Months - Newborn Sleep Guide,True
/blog/stop-4-month-babies-sleep-regression-fear,/3-4-month-baby-sleep-course,3-4 Months - Baby Sleep Course,True
/blog/stop-4-month-babies-sleep-regression-fear,/5-12-month-baby-sleep-course,5-12 Months - Sleep Training Course,True
/blog/stop-4-month-babies-sleep-regression-fear,/toddler-toolkit,12+ Months - Toddler Sleep Toolkit,True
/blog/stop-4-month-babies-sleep-regression-fear,/one-on-one-sleep-consultations,Book a Consultation with Sally,True
/blog/stop-4-month-babies-sleep-regression-fear,/camp-snooze-sleep-coaching,Camp Snooze 🏕️,True
/blog/stop-4-month-babies-sleep-regression-fear,/blog,Blog,True
/blog/stop-4-month-babies-sleep-regression-fear,/about-sally,About,True
/blog/stop-4-month-babies-sleep-regression-fear,/login,Log In,True
/blog/stop-4-month-babies-sleep-regression-fear,/resource_redirect/offers/6irarwak,Join Snooze,True
/blog/stop-4-month-babies-sleep-regression-fear,/blog,Fourth Trimester,True
/blog/stop-4-month-babies-sleep-regression-fear,/blog,Sleep Regressions,True
/blog/stop-4-month-babies-sleep-regression-fear,/blog/how-to-make-change-when-the-4-month-sleep-regressions-hits,Make changes when the baby's 4 months regression hits.,True
/blog/stop-4-month-babies-sleep-regression-fear,/product/5-12-month-baby-sleep-guide,Explore This guide to overcome struggles,True
/blog/stop-4-month-babies-sleep-regression-fear,/offers/4zhpsrcs,1:1 personalised support,True
/blog/stop-4-month-babies-sleep-regression-fear,/blog,5 Month To 2 Years,True
/blog/stop-4-month-babies-sleep-regression-fear,/blog,5-12 Months,True
/blog/stop-4-month-babies-sleep-regression-fear,/blog,Infants,True
/blog/stop-4-month-babies-sleep-regression-fear,/blog,Naps,True
/blog/stop-4-month-babies-sleep-regression-fear,/blog,Product Reviews,True
/blog/stop-4-month-babies-sleep-regression-fear,/blog,Sleep Environment,True
/blog/stop-4-month-babies-sleep-regression-fear,/blog,Sleep Products,True
/blog/stop-4-month-babies-sleep-regression-fear,/blog,Sleep Safety,True
/blog/stop-4-month-babies-sleep-regression-fear,/blog,Transitions,True
/blog/stop-4-month-babies-sleep-regression-fear,/author/sally-woods,,True
/blog/stop-4-month-babies-sleep-regression-fear,/contact,Contact Us,True
/products/3-4-month-baby-sleep-course-by-the-sleep-concierge,/,,True
/products/3-4-month-baby-sleep-course-by-the-sleep-concierge,/newborn-sleep-guide,0-3 Months - Newborn Sleep Guide,True
/products/3-4-month-baby-sleep-course-by-the-sleep-concierge,/3-4-month-baby-sleep-course,3-4 Months - Baby Sleep Course,True
/products/3-4-month-baby-sleep-course-by-the-sleep-concierge,/5-12-month-baby-sleep-course,5-12 Months - Sleep Training Course,True
/products/3-4-month-baby-sleep-course-by-the-sleep-concierge,/toddler-toolkit,12+ Months - Toddler Sleep Toolkit,True
/products/3-4-month-baby-sleep-course-by-the-sleep-concierge,/one-on-one-sleep-consultations,Book a Consultation with Sally,True
/products/3-4-month-baby-sleep-course-by-the-sleep-concierge,/camp-snooze-sleep-coaching,Camp Snooze 🏕️,True
/products/3-4-month-baby-sleep-course-by-the-sleep-concierge,/blog,Blog,True
/products/3-4-month-baby-sleep-course-by-the-sleep-concierge,/about-sally,About,True
/products/3-4-month-baby-sleep-course-by-the-sleep-concierge,/login,Log In,True
/products/3-4-month-baby-sleep-course-by-the-sleep-concierge,/resource_redirect/offers/6irarwak,Join Snooze,True
/products/3-4-month-baby-sleep-course-by-the-sleep-concierge,/password/new,Forgot Password,True
/products/3-4-month-baby-sleep-course-by-the-sleep-concierge,/contact,Contact Us,True
/products/3-4-month-baby-sleep-course-by-the-sleep-concierge,/offers/4zhpsrcs,Book a Consultation,True
/blog/cubo-ai-smart-baby-monitor-review-with-discount,/,,True
/blog/cubo-ai-smart-baby-monitor-review-with-discount,/newborn-sleep-guide,0-3 Months - Newborn Sleep Guide,True
/blog/cubo-ai-smart-baby-monitor-review-with-discount,/3-4-month-baby-sleep-course,3-4 Months - Baby Sleep Course,True
/blog/cubo-ai-smart-baby-monitor-review-with-discount,/5-12-month-baby-sleep-course,5-12 Months - Sleep Training Course,True
/blog/cubo-ai-smart-baby-monitor-review-with-discount,/toddler-toolkit,12+ Months - Toddler Sleep Toolkit,True
/blog/cubo-ai-smart-baby-monitor-review-with-discount,/one-on-one-sleep-consultations,Book a Consultation with Sally,True
/blog/cubo-ai-smart-baby-monitor-review-with-discount,/camp-snooze-sleep-coaching,Camp Snooze 🏕️,True
/blog/cubo-ai-smart-baby-monitor-review-with-discount,/blog,Blog,True
/blog/cubo-ai-smart-baby-monitor-review-with-discount,/about-sally,About,True
/blog/cubo-ai-smart-baby-monitor-review-with-discount,/login,Log In,True
/blog/cubo-ai-smart-baby-monitor-review-with-discount,/resource_redirect/offers/6irarwak,Join Snooze,True
/blog/cubo-ai-smart-baby-monitor-review-with-discount,/blog,Product Reviews,True
/blog/cubo-ai-smart-baby-monitor-review-with-discount,/blog/tips-for-managing-baby-early-wake-ups,Tips to help your baby sleep longer and avoid early wake ups,True
/blog/cubo-ai-smart-baby-monitor-review-with-discount,/blog/should-we-discourage-babys-thumb-and-finger-sucking,Should we discourage our baby's thumb and finger sucking?,True
/blog/cubo-ai-smart-baby-monitor-review-with-discount,/blog,5 Month To 2 Years,True
/blog/cubo-ai-smart-baby-monitor-review-with-discount,/blog,5-12 Months,True
/blog/cubo-ai-smart-baby-monitor-review-with-discount,/blog,Fourth Trimester,True
/blog/cubo-ai-smart-baby-monitor-review-with-discount,/blog,Infants,True
/blog/cubo-ai-smart-baby-monitor-review-with-discount,/blog,Naps,True
/blog/cubo-ai-smart-baby-monitor-review-with-discount,/blog,Sleep Environment,True
/blog/cubo-ai-smart-baby-monitor-review-with-discount,/blog,Sleep Products,True
/blog/cubo-ai-smart-baby-monitor-review-with-discount,/blog,Sleep Regressions,True
/blog/cubo-ai-smart-baby-monitor-review-with-discount,/blog,Sleep Safety,True
/blog/cubo-ai-smart-baby-monitor-review-with-discount,/blog,Transitions,True
/blog/cubo-ai-smart-baby-monitor-review-with-discount,/author/sally-woods,,True
/blog/cubo-ai-smart-baby-monitor-review-with-discount,/contact,Contact Us,True
/blog/cubo-ai-smart-baby-monitor-review-with-discount,/offers/4zhpsrcs,Book a Consultation,True
/about,/,,True
/about,/newborn-sleep-guide,0-3 Months - Newborn Sleep Guide,True
/about,/3-4-month-baby-sleep-course,3-4 Months - Baby Sleep Course,True
/about,/5-12-month-baby-sleep-course,5-12 Months - Sleep Training Course,True
/about,/toddler-toolkit,12+ Months - Toddler Sleep Toolkit,True
/about,/one-on-one-sleep-consultations,Book a Consultation with Sally,True
/about,/camp-snooze-sleep-coaching,Camp Snooze 🏕️,True
/about,/blog,Blog,True
/about,/about-sally,About,True
/about,/login,Log In,True
/about,/resource_redirect/offers/6irarwak,Join Snooze,True
/about,/offers/z63s9var,Start Now,True
/about,/,Get Started Today,True
/about,/offers/k3y6fekx/checkout,Learn more about Camp Snooze,True
/about,/snooze-library,Library Access,True
/about,/products/communities/v2/snooze,Snooze Village,True
/about,/account,Your Account,True
/about,/contact,Contact Us,True
/about,/terms-conditions,Terms of Service,True
/about,/privacy-policy,Privacy Policy,True
/about,/offers/4zhpsrcs,Book a Consultation,True
/toddler-sleep-help,/,,True
/toddler-sleep-help,/newborn-sleep-guide,0-3 Months - Newborn Sleep Guide,True
/toddler-sleep-help,/3-4-month-baby-sleep-course,3-4 Months - Baby Sleep Course,True
/toddler-sleep-help,/5-12-month-baby-sleep-course,5-12 Months - Sleep Training Course,True
/toddler-sleep-help,/toddler-toolkit,12+ Months - Toddler Sleep Toolkit,True
/toddler-sleep-help,/one-on-one-sleep-consultations,Book a Consultation with Sally,True
/toddler-sleep-help,/camp-snooze-sleep-coaching,Camp Snooze 🏕️,True
/toddler-sleep-help,/blog,Blog,True
/toddler-sleep-help,/about-sally,About,True
/toddler-sleep-help,/login,Log In,True
/toddler-sleep-help,/resource_redirect/offers/6irarwak,Join Snooze,True
/toddler-sleep-help,/offers/z63s9var,Join Snooze,True
/toddler-sleep-help,/newborn-baby-sleep-help,View Newborn Guide,True
/toddler-sleep-help,/3-4-month-baby-sleep-help,View 3-4 Month Guide,True
/toddler-sleep-help,/5-12-month-baby-sleep-help,View 5-12 Month Guide,True
/toddler-sleep-help,/toddler-sleep-help,View Toddler Guide,True
/toddler-sleep-help,/snooze-library,Library Access,True
/toddler-sleep-help,/products/communities/v2/snooze,Snooze Village,True
/toddler-sleep-help,/account,Your Account,True
/toddler-sleep-help,/contact,Contact Us,True
/toddler-sleep-help,/terms-conditions,Terms of Service,True
/toddler-sleep-help,/privacy-policy,Privacy Policy,True
/toddler-sleep-help,/offers/4zhpsrcs,Book a Consultation,True
/3-4-month-baby-sleep-course-terms-and-conditions,/,,True
/blog/dressing-baby-for-bedtime,/,,True
/blog/dressing-baby-for-bedtime,/newborn-sleep-guide,0-3 Months - Newborn Sleep Guide,True
/blog/dressing-baby-for-bedtime,/3-4-month-baby-sleep-course,3-4 Months - Baby Sleep Course,True
/blog/dressing-baby-for-bedtime,/5-12-month-baby-sleep-course,5-12 Months - Sleep Training Course,True
/blog/dressing-baby-for-bedtime,/toddler-toolkit,12+ Months - Toddler Sleep Toolkit,True
/blog/dressing-baby-for-bedtime,/one-on-one-sleep-consultations,Book a Consultation with Sally,True
/blog/dressing-baby-for-bedtime,/camp-snooze-sleep-coaching,Camp Snooze 🏕️,True
/blog/dressing-baby-for-bedtime,/blog,Blog,True
/blog/dressing-baby-for-bedtime,/about-sally,About,True
/blog/dressing-baby-for-bedtime,/login,Log In,True
/blog/dressing-baby-for-bedtime,/resource_redirect/offers/6irarwak,Join Snooze,True
/blog/dressing-baby-for-bedtime,/blog,Infants,True
/blog/dressing-baby-for-bedtime,/blog,Sleep Environment,True
/blog/dressing-baby-for-bedtime,/blog,Sleep Products,True
/blog/dressing-baby-for-bedtime,/blog,Sleep Safety,True
/blog/dressing-baby-for-bedtime,/blog/tips-for-managing-baby-early-wake-ups,avoid your baby's early wake-ups.,True
/blog/dressing-baby-for-bedtime,/product/5-12-month-baby-sleep-guide,The Sleep Concierge's 5-12 Month Sleep Guide,True
/blog/dressing-baby-for-bedtime,/blog,5 Month To 2 Years,True
/blog/dressing-baby-for-bedtime,/blog,5-12 Months,True
/blog/dressing-baby-for-bedtime,/blog,Fourth Trimester,True
/blog/dressing-baby-for-bedtime,/blog,Naps,True
/blog/dressing-baby-for-bedtime,/blog,Product Reviews,True
/blog/dressing-baby-for-bedtime,/blog,Sleep Regressions,True
/blog/dressing-baby-for-bedtime,/blog,Transitions,True
/blog/dressing-baby-for-bedtime,/author/sally-woods,,True
/blog/dressing-baby-for-bedtime,/contact,Contact Us,True
/blog/dressing-baby-for-bedtime,/offers/4zhpsrcs,Book a Consultation,True
/free-4-month-regression-masterclass-signup,/,,True
/newborn-sleep-guide,/,,True
/newborn-sleep-guide,/newborn-sleep-guide,0-3 Months - Newborn Sleep Guide,True
/newborn-sleep-guide,/3-4-month-baby-sleep-course,3-4 Months - Baby Sleep Course,True
/newborn-sleep-guide,/5-12-month-baby-sleep-course,5-12 Months - Sleep Training Course,True
/newborn-sleep-guide,/toddler-toolkit,12+ Months - Toddler Sleep Toolkit,True
/newborn-sleep-guide,/one-on-one-sleep-consultations,Book a Consultation with Sally,True
/newborn-sleep-guide,/camp-snooze-sleep-coaching,Camp Snooze 🏕️,True
/newborn-sleep-guide,/blog,Blog,True
/newborn-sleep-guide,/about-sally,About,True
/newborn-sleep-guide,/login,Log In,True
/newborn-sleep-guide,/resource_redirect/offers/6irarwak,Join Snooze,True
/newborn-sleep-guide,/newborn-sleep-guide,View Guide Details,True
/newborn-sleep-guide,/3-4-month-baby-sleep-course,3-4 Month Course,True
/newborn-sleep-guide,/5-12-month-baby-sleep-course,5-12 Month Course,True
/newborn-sleep-guide,/offers/ommcvgai/checkout,Purchase Course,True
/newborn-sleep-guide,/offers/z63s9var,Join Snooze,True
/newborn-sleep-guide,/toddler-toolkit,Toddler Toolkit,True
/newborn-sleep-guide,/products/communities/v2/snooze/library,Sleep Library,True
/newborn-sleep-guide,/snooze-library,Library Access,True
/newborn-sleep-guide,/products/communities/v2/snooze,Snooze Village,True
/newborn-sleep-guide,/account,Your Account,True
/newborn-sleep-guide,/contact,Contact Us,True
/newborn-sleep-guide,/terms-conditions,Terms of Service,True
/newborn-sleep-guide,/privacy-policy,Privacy Policy,True
/newborn-sleep-guide,/offers/4zhpsrcs,Book a Consultation,True
/offers/k3y6fekx/checkout,/,,True
/offers/k3y6fekx/checkout,/camp-snooze-sleep-coaching,Camp Snooze 🏕️,True
/offers/k3y6fekx/checkout,/blog,Blog,True
/offers/k3y6fekx/checkout,/about-sally,About,True
/offers/k3y6fekx/checkout,/login,Log In,True
/offers/k3y6fekx/checkout,/offers/k3y6fekx/checkout,Complete Checkout - $690,True
/offers/k3y6fekx/checkout,mailto:camp@joinsnooze.com,camp@joinsnooze.com,True
/offers/k3y6fekx/checkout,/contact,Contact Us,True
/offers/k3y6fekx/checkout,/offers/4zhpsrcs,Book a Consultation,True
/sleep-glossary,/,,True
/sleep-glossary,/newborn-sleep-guide,0-3 Months - Newborn Sleep Guide,True
/sleep-glossary,/3-4-month-baby-sleep-course,3-4 Months - Baby Sleep Course,True
/sleep-glossary,/5-12-month-baby-sleep-course,5-12 Months - Sleep Training Course,True
/sleep-glossary,/toddler-toolkit,12+ Months - Toddler Sleep Toolkit,True
/sleep-glossary,/one-on-one-sleep-consultations,Book a Consultation with Sally,True
/sleep-glossary,/camp-snooze-sleep-coaching,Camp Snooze 🏕️,True
/sleep-glossary,/blog,Blog,True
/sleep-glossary,/about-sally,About,True
/sleep-glossary,/login,Log In,True
/sleep-glossary,/resource_redirect/offers/6irarwak,Join Snooze,True
/sleep-glossary,/contact,Contact Us,True
/sleep-glossary,/offers/4zhpsrcs,Book a Consultation,True
/,/,,True
/,/newborn-sleep-guide,0-3 Months - Newborn Sleep Guide,True
/,/3-4-month-baby-sleep-course,3-4 Months - Baby Sleep Course,True
/,/5-12-month-baby-sleep-course,5-12 Months - Sleep Training Course,True
/,/toddler-toolkit,12+ Months - Toddler Sleep Toolkit,True
/,/one-on-one-sleep-consultations,Book a Consultation with Sally,True
/,/camp-snooze-sleep-coaching,Camp Snooze 🏕️,True
/,/blog,Blog,True
/,/about-sally,About,True
/,/login,Log In,True
/,/resource_redirect/offers/6irarwak,Join Snooze,True
/,/offers/z63s9var,Start Now,True
/,/,Get Started Today,True
/,/offers/k3y6fekx/checkout,Learn more about Camp Snooze,True
/,/snooze-library,Library Access,True
/,/products/communities/v2/snooze,Snooze Village,True
/,/account,Your Account,True
/,/contact,Contact Us,True
/,/terms-conditions,Terms of Service,True
/,/privacy-policy,Privacy Policy,True
/,/offers/4zhpsrcs,Book a Consultation,True
/offers/igbtdrbk/checkout,/,,True
/offers/igbtdrbk/checkout,/camp-snooze-sleep-coaching,Camp Snooze 🏕️,True
/offers/igbtdrbk/checkout,/blog,Blog,True
/offers/igbtdrbk/checkout,/about-sally,About,True
/offers/igbtdrbk/checkout,/contact,Contact,True
/offers/igbtdrbk/checkout,/login,Log In,True
/blog/how-to-do-skin-to-skin-without-breastfeeding,/,,True
/blog/how-to-do-skin-to-skin-without-breastfeeding,/newborn-sleep-guide,0-3 Months - Newborn Sleep Guide,True
/blog/how-to-do-skin-to-skin-without-breastfeeding,/3-4-month-baby-sleep-course,3-4 Months - Baby Sleep Course,True
/blog/how-to-do-skin-to-skin-without-breastfeeding,/5-12-month-baby-sleep-course,5-12 Months - Sleep Training Course,True
/blog/how-to-do-skin-to-skin-without-breastfeeding,/toddler-toolkit,12+ Months - Toddler Sleep Toolkit,True
/blog/how-to-do-skin-to-skin-without-breastfeeding,/one-on-one-sleep-consultations,Book a Consultation with Sally,True
/blog/how-to-do-skin-to-skin-without-breastfeeding,/camp-snooze-sleep-coaching,Camp Snooze 🏕️,True
/blog/how-to-do-skin-to-skin-without-breastfeeding,/blog,Blog,True
/blog/how-to-do-skin-to-skin-without-breastfeeding,/about-sally,About,True
/blog/how-to-do-skin-to-skin-without-breastfeeding,/login,Log In,True
/blog/how-to-do-skin-to-skin-without-breastfeeding,/resource_redirect/offers/6irarwak,Join Snooze,True
/blog/how-to-do-skin-to-skin-without-breastfeeding,/blog,5 Month To 2 Years,True
/blog/how-to-do-skin-to-skin-without-breastfeeding,/blog,Fourth Trimester,True
/blog/how-to-do-skin-to-skin-without-breastfeeding,/offers/4zhpsrcs,Book a call with me,True
/blog/how-to-do-skin-to-skin-without-breastfeeding,/blog,5-12 Months,True
/blog/how-to-do-skin-to-skin-without-breastfeeding,/blog,Infants,True
/blog/how-to-do-skin-to-skin-without-breastfeeding,/blog,Naps,True
/blog/how-to-do-skin-to-skin-without-breastfeeding,/blog,Product Reviews,True
/blog/how-to-do-skin-to-skin-without-breastfeeding,/blog,Sleep Environment,True
/blog/how-to-do-skin-to-skin-without-breastfeeding,/blog,Sleep Products,True
/blog/how-to-do-skin-to-skin-without-breastfeeding,/blog,Sleep Regressions,True
/blog/how-to-do-skin-to-skin-without-breastfeeding,/blog,Sleep Safety,True
/blog/how-to-do-skin-to-skin-without-breastfeeding,/blog,Transitions,True
/blog/how-to-do-skin-to-skin-without-breastfeeding,/author/sally-woods,,True
/blog/how-to-do-skin-to-skin-without-breastfeeding,/contact,Contact Us,True
/blog,/,,True
/blog,/newborn-sleep-guide,0-3 Months - Newborn Sleep Guide,True
/blog,/3-4-month-baby-sleep-course,3-4 Months - Baby Sleep Course,True
/blog,/5-12-month-baby-sleep-course,5-12 Months - Sleep Training Course,True
/blog,/toddler-toolkit,12+ Months - Toddler Sleep Toolkit,True
/blog,/one-on-one-sleep-consultations,Book a Consultation with Sally,True
/blog,/camp-snooze-sleep-coaching,Camp Snooze 🏕️,True
/blog,/blog,Blog,True
/blog,/about-sally,About,True
/blog,/login,Log In,True
/blog,/resource_redirect/offers/6irarwak,Join Snooze,True
/blog,/blog/my-honest-snoo-experience-and-review,,True
/blog,/blog/mystery-of-missing-third-nap-early-rising,,True
/blog,/blog,5-12 Months,True
/blog,/blog,Naps,True
/blog,/blog/glow-dreaming-white-noise-review,,True
/blog,/blog,Product Reviews,True
/blog,/blog/4-month-regression-or-progression,,True
/blog,/blog,Fourth Trimester,True
/blog,/blog,Sleep Regressions,True
/blog,/blog/7-tips-for-maintaining-you-babys-sleep-while-travelling,,True
/blog,/blog,5 Month To 2 Years,True
/blog,/blog/guide-to-self-settling-sleep-cycles,,True
/blog,/blog/all-about-the-8-10-month-sleep-regression,,True
/blog,/blog/developing-positive-cot-association-with-your-baby,,True
/blog,/blog/dr-harvey-karps-5-ss-to-soothe-your-crying-baby,,True
/blog,/blog/my-snoo-review,previous blog on the Snoo,True
/blog,/blog/tips-for-managing-baby-early-wake-ups,,True
/blog,/blog/cubo-ai-smart-baby-monitor-review-with-discount,,True
/blog,/blog/how-to-do-skin-to-skin-without-breastfeeding,,True
/blog,/blog,1,True
/blog,/blog,2,True
/blog,/blog,3,True
/blog,/blog,infants,True
/blog,/blog,sleep environment,True
/blog,/blog,sleep products,True
/blog,/blog,sleep safety,True
/blog,/blog,transitions,True
/blog,/contact,Contact Us,True
/blog,/offers/4zhpsrcs,Book a Consultation,True
/products/the-snooze-method,/,,True
/products/the-snooze-method,/newborn-sleep-guide,0-3 Months - Newborn Sleep Guide,True
/products/the-snooze-method,/3-4-month-baby-sleep-course,3-4 Months - Baby Sleep Course,True
/products/the-snooze-method,/5-12-month-baby-sleep-course,5-12 Months - Sleep Training Course,True
/products/the-snooze-method,/toddler-toolkit,12+ Months - Toddler Sleep Toolkit,True
/products/the-snooze-method,/one-on-one-sleep-consultations,Book a Consultation with Sally,True
/products/the-snooze-method,/camp-snooze-sleep-coaching,Camp Snooze 🏕️,True
/products/the-snooze-method,/blog,Blog,True
/products/the-snooze-method,/about-sally,About,True
/products/the-snooze-method,/login,Log In,True
/products/the-snooze-method,/resource_redirect/offers/6irarwak,Join Snooze,True
/products/the-snooze-method,/password/new,Forgot Password,True
/products/the-snooze-method,/contact,Contact Us,True
/products/the-snooze-method,/offers/4zhpsrcs,Book a Consultation,True
/camp-snooze-sleep-coaching,/,,True
/camp-snooze-sleep-coaching,/camp-snooze-sleep-coaching,Join Camp Snooze,True
/camp-snooze-sleep-coaching,/offers/46bz9tk6,Join Camp Snooze,True
/camp-snooze-sleep-coaching,/products/communities/v2/snooze,Snooze Village,True
/camp-snooze-sleep-coaching,/,join snooze,True
/camp-snooze-sleep-coaching,mailto:camp@joinsnooze.com,Email us,True
/camp-snooze-sleep-coaching,/camp-snooze-sleep-coaching,Camp Snooze 🏕️,True
/camp-snooze-sleep-coaching,/blog,Blog,True
/camp-snooze-sleep-coaching,/about-sally,About,True
/blog/my-snoo-review,/,,True
/blog/my-snoo-review,/newborn-sleep-guide,0-3 Months - Newborn Sleep Guide,True
/blog/my-snoo-review,/3-4-month-baby-sleep-course,3-4 Months - Baby Sleep Course,True
/blog/my-snoo-review,/5-12-month-baby-sleep-course,5-12 Months - Sleep Training Course,True
/blog/my-snoo-review,/toddler-toolkit,12+ Months - Toddler Sleep Toolkit,True
/blog/my-snoo-review,/one-on-one-sleep-consultations,Book a Consultation with Sally,True
/blog/my-snoo-review,/camp-snooze-sleep-coaching,Camp Snooze 🏕️,True
/blog/my-snoo-review,/blog,Blog,True
/blog/my-snoo-review,/about-sally,About,True
/blog/my-snoo-review,/login,Log In,True
/blog/my-snoo-review,/resource_redirect/offers/6irarwak,Join Snooze,True
/blog/my-snoo-review,/blog,Fourth Trimester,True
/blog/my-snoo-review,/blog,Product Reviews,True
/blog/my-snoo-review,/blog,5 Month To 2 Years,True
/blog/my-snoo-review,/blog,5-12 Months,True
/blog/my-snoo-review,/blog,Infants,True
/blog/my-snoo-review,/blog,Naps,True
/blog/my-snoo-review,/blog,Sleep Environment,True
/blog/my-snoo-review,/blog,Sleep Products,True
/blog/my-snoo-review,/blog,Sleep Regressions,True
/blog/my-snoo-review,/blog,Sleep Safety,True
/blog/my-snoo-review,/blog,Transitions,True
/blog/my-snoo-review,/author/sally-woods,,True
/blog/my-snoo-review,/contact,Contact Us,True
/blog/my-snoo-review,/offers/4zhpsrcs,Book a Consultation,True
/blog/when-to-lower-the-cot-mattress,/,,True
/blog/when-to-lower-the-cot-mattress,/newborn-sleep-guide,0-3 Months - Newborn Sleep Guide,True
/blog/when-to-lower-the-cot-mattress,/3-4-month-baby-sleep-course,3-4 Months - Baby Sleep Course,True
/blog/when-to-lower-the-cot-mattress,/5-12-month-baby-sleep-course,5-12 Months - Sleep Training Course,True
/blog/when-to-lower-the-cot-mattress,/toddler-toolkit,12+ Months - Toddler Sleep Toolkit,True
/blog/when-to-lower-the-cot-mattress,/one-on-one-sleep-consultations,Book a Consultation with Sally,True
/blog/when-to-lower-the-cot-mattress,/camp-snooze-sleep-coaching,Camp Snooze 🏕️,True
/blog/when-to-lower-the-cot-mattress,/blog,Blog,True
/blog/when-to-lower-the-cot-mattress,/about-sally,About,True
/blog/when-to-lower-the-cot-mattress,/login,Log In,True
/blog/when-to-lower-the-cot-mattress,/resource_redirect/offers/6irarwak,Join Snooze,True
/blog/when-to-lower-the-cot-mattress,/blog,5 Month To 2 Years,True
/blog/when-to-lower-the-cot-mattress,/blog,Transitions,True
/blog/when-to-lower-the-cot-mattress,/blog/stop-swaddle-time-for-your-baby,out of the swaddle,True
/blog/when-to-lower-the-cot-mattress,/product/5-12-month-baby-sleep-guide,guide for your 5 to 12 months baby,True
/blog/when-to-lower-the-cot-mattress,/blog,5-12 Months,True
/blog/when-to-lower-the-cot-mattress,/blog,Fourth Trimester,True
/blog/when-to-lower-the-cot-mattress,/blog,Infants,True
/blog/when-to-lower-the-cot-mattress,/blog,Naps,True
/blog/when-to-lower-the-cot-mattress,/blog,Product Reviews,True
/blog/when-to-lower-the-cot-mattress,/blog,Sleep Environment,True
/blog/when-to-lower-the-cot-mattress,/blog,Sleep Products,True
/blog/when-to-lower-the-cot-mattress,/blog,Sleep Regressions,True
/blog/when-to-lower-the-cot-mattress,/blog,Sleep Safety,True
/blog/when-to-lower-the-cot-mattress,/author/sally-woods,,True
/blog/when-to-lower-the-cot-mattress,/contact,Contact Us,True
/blog/when-to-lower-the-cot-mattress,/offers/4zhpsrcs,Book a Consultation,True
/blog/sick-babies-and-sleep,/,,True
/blog/sick-babies-and-sleep,/newborn-sleep-guide,0-3 Months - Newborn Sleep Guide,True
/blog/sick-babies-and-sleep,/3-4-month-baby-sleep-course,3-4 Months - Baby Sleep Course,True
/blog/sick-babies-and-sleep,/5-12-month-baby-sleep-course,5-12 Months - Sleep Training Course,True
/blog/sick-babies-and-sleep,/toddler-toolkit,12+ Months - Toddler Sleep Toolkit,True
/blog/sick-babies-and-sleep,/one-on-one-sleep-consultations,Book a Consultation with Sally,True
/blog/sick-babies-and-sleep,/camp-snooze-sleep-coaching,Camp Snooze 🏕️,True
/blog/sick-babies-and-sleep,/blog,Blog,True
/blog/sick-babies-and-sleep,/about-sally,About,True
/blog/sick-babies-and-sleep,/login,Log In,True
/blog/sick-babies-and-sleep,/resource_redirect/offers/6irarwak,Join Snooze,True
/blog/sick-babies-and-sleep,/blog,5 Month To 2 Years,True
/blog/sick-babies-and-sleep,/blog,Fourth Trimester,True
/blog/sick-babies-and-sleep,/blog,Sleep Regressions,True
/blog/sick-babies-and-sleep,/offers/4zhpsrcs,You can 1:1 Consult with me,True
/blog/sick-babies-and-sleep,/blog,5-12 Months,True
/blog/sick-babies-and-sleep,/blog,Infants,True
/blog/sick-babies-and-sleep,/blog,Naps,True
/blog/sick-babies-and-sleep,/blog,Product Reviews,True
/blog/sick-babies-and-sleep,/blog,Sleep Environment,True
/blog/sick-babies-and-sleep,/blog,Sleep Products,True
/blog/sick-babies-and-sleep,/blog,Sleep Safety,True
/blog/sick-babies-and-sleep,/blog,Transitions,True
/blog/sick-babies-and-sleep,/author/sally-woods,,True
/blog/sick-babies-and-sleep,/contact,Contact Us,True
/baby-sleep-glossary,/,,True
/baby-sleep-glossary,/newborn-sleep-guide,0-3 Months - Newborn Sleep Guide,True
/baby-sleep-glossary,/3-4-month-baby-sleep-course,3-4 Months - Baby Sleep Course,True
/baby-sleep-glossary,/5-12-month-baby-sleep-course,5-12 Months - Sleep Training Course,True
/baby-sleep-glossary,/toddler-toolkit,12+ Months - Toddler Sleep Toolkit,True
/baby-sleep-glossary,/one-on-one-sleep-consultations,Book a Consultation with Sally,True
/baby-sleep-glossary,/camp-snooze-sleep-coaching,Camp Snooze 🏕️,True
/baby-sleep-glossary,/blog,Blog,True
/baby-sleep-glossary,/about-sally,About,True
/baby-sleep-glossary,/contact,Contact,True
/baby-sleep-glossary,/login,Log In,True
/baby-sleep-glossary,/baby-sleep-glossary,A,True
/baby-sleep-glossary,/baby-sleep-glossary,B,True
/baby-sleep-glossary,/baby-sleep-glossary,C,True
/baby-sleep-glossary,/baby-sleep-glossary,D,True
/baby-sleep-glossary,/baby-sleep-glossary,E,True
/baby-sleep-glossary,/baby-sleep-glossary,F,True
/baby-sleep-glossary,/baby-sleep-glossary,G,True
/baby-sleep-glossary,/baby-sleep-glossary,M,True
/baby-sleep-glossary,/baby-sleep-glossary,N,True
/baby-sleep-glossary,/baby-sleep-glossary,O,True
/baby-sleep-glossary,/baby-sleep-glossary,P,True
/baby-sleep-glossary,/baby-sleep-glossary,R,True
/baby-sleep-glossary,/baby-sleep-glossary,S,True
/baby-sleep-glossary,/baby-sleep-glossary,U,True
/baby-sleep-glossary,/baby-sleep-glossary,W,True
/baby-sleep-glossary,/baby-sleep-glossary,Sleep Cycle,True
/baby-sleep-glossary,/baby-sleep-glossary,False Start,True
/baby-sleep-glossary,/baby-sleep-glossary,The Pause,True
/baby-sleep-glossary,/newborn-baby-sleep-help,Newborn sleep help (0 to 3 months),True
/baby-sleep-glossary,/baby-sleep-glossary,Catnap,True
/baby-sleep-glossary,/baby-sleep-glossary,Resettling,True
/baby-sleep-glossary,/5-12-month-baby-sleep-help,5 to 12 month sleep help,True
/baby-sleep-glossary,/baby-sleep-glossary,Bridging a Nap,True
/baby-sleep-glossary,/3-4-month-baby-sleep-help,3 to 4 month sleep help,True
/baby-sleep-glossary,/baby-sleep-glossary,Melatonin,True
/baby-sleep-glossary,/baby-sleep-glossary,Day-Night Confusion,True
/baby-sleep-glossary,/baby-sleep-glossary,Early Morning Waking,True
/baby-sleep-glossary,/baby-sleep-glossary,Witching Hour,True
/baby-sleep-glossary,/baby-sleep-glossary,Dream Feed,True
/baby-sleep-glossary,/baby-sleep-glossary,Second Night Syndrome,True
/baby-sleep-glossary,/baby-sleep-glossary,Fourth Trimester,True
/baby-sleep-glossary,/baby-sleep-glossary,Sleep Association,True
/baby-sleep-glossary,/baby-sleep-glossary,Active Sleep,True
/baby-sleep-glossary,/baby-sleep-glossary,Cry It Out (Extinction),True
/baby-sleep-glossary,/baby-sleep-glossary,Gradual Withdrawal,True
/baby-sleep-glossary,/baby-sleep-glossary,Pick Up Put Down,True
/baby-sleep-glossary,/baby-sleep-glossary,Controlled Comforting,True
/baby-sleep-glossary,/baby-sleep-glossary,Extinction Burst,True
/baby-sleep-glossary,/baby-sleep-glossary,Circadian Rhythm,True
/baby-sleep-glossary,/baby-sleep-glossary,Cluster Feeding,True
/baby-sleep-glossary,/baby-sleep-glossary,Responsive Feeding,True
/baby-sleep-glossary,/baby-sleep-glossary,Split Night,True
/baby-sleep-glossary,/baby-sleep-glossary,Self-Settling,True
/baby-sleep-glossary,/baby-sleep-glossary,Sleep Onset,True
/baby-sleep-glossary,/baby-sleep-glossary,Wake Windows,True
/baby-sleep-glossary,/baby-sleep-glossary,Overtired,True
/baby-sleep-glossary,/baby-sleep-glossary,Contact Nap,True
/baby-sleep-glossary,/baby-sleep-glossary,Separation Anxiety,True
/baby-sleep-glossary,/baby-sleep-glossary,Sleep Regression,True
/baby-sleep-glossary,/baby-sleep-glossary,Nap Transition,True
/baby-sleep-glossary,/toddler-sleep-help,Toddler sleep help,True
/baby-sleep-glossary,/baby-sleep-glossary,Nap Strike,True
/baby-sleep-glossary,/baby-sleep-glossary,White Noise,True
/baby-sleep-glossary,/baby-sleep-glossary,Sleep Pressure,True
/baby-sleep-glossary,/baby-sleep-glossary,Overstimulation,True
/baby-sleep-glossary,/baby-sleep-glossary,Drowsy But Awake,True
/baby-sleep-glossary,/baby-sleep-glossary,Undertired,True
/baby-sleep-glossary,/baby-sleep-glossary,Swaddling,True
/baby-sleep-glossary,/recommended-products,See recommended products,True
/blog/how-to-manage-your-babys-reflux-and-sleep,/,,True
/blog/how-to-manage-your-babys-reflux-and-sleep,/newborn-sleep-guide,0-3 Months - Newborn Sleep Guide,True
/blog/how-to-manage-your-babys-reflux-and-sleep,/3-4-month-baby-sleep-course,3-4 Months - Baby Sleep Course,True
/blog/how-to-manage-your-babys-reflux-and-sleep,/5-12-month-baby-sleep-course,5-12 Months - Sleep Training Course,True
/blog/how-to-manage-your-babys-reflux-and-sleep,/toddler-toolkit,12+ Months - Toddler Sleep Toolkit,True
/blog/how-to-manage-your-babys-reflux-and-sleep,/one-on-one-sleep-consultations,Book a Consultation with Sally,True
/blog/how-to-manage-your-babys-reflux-and-sleep,/camp-snooze-sleep-coaching,Camp Snooze 🏕️,True
/blog/how-to-manage-your-babys-reflux-and-sleep,/blog,Blog,True
/blog/how-to-manage-your-babys-reflux-and-sleep,/about-sally,About,True
/blog/how-to-manage-your-babys-reflux-and-sleep,/login,Log In,True
/blog/how-to-manage-your-babys-reflux-and-sleep,/resource_redirect/offers/6irarwak,Join Snooze,True
/blog/how-to-manage-your-babys-reflux-and-sleep,/blog,5 Month To 2 Years,True
/blog/how-to-manage-your-babys-reflux-and-sleep,/recommended-products,The Snoo,True
/blog/how-to-manage-your-babys-reflux-and-sleep,/blog,5-12 Months,True
/blog/how-to-manage-your-babys-reflux-and-sleep,/blog,Fourth Trimester,True
/blog/how-to-manage-your-babys-reflux-and-sleep,/blog,Infants,True
/blog/how-to-manage-your-babys-reflux-and-sleep,/blog,Naps,True
/blog/how-to-manage-your-babys-reflux-and-sleep,/blog,Product Reviews,True
/blog/how-to-manage-your-babys-reflux-and-sleep,/blog,Sleep Environment,True
/blog/how-to-manage-your-babys-reflux-and-sleep,/blog,Sleep Products,True
/blog/how-to-manage-your-babys-reflux-and-sleep,/blog,Sleep Regressions,True
/blog/how-to-manage-your-babys-reflux-and-sleep,/blog,Sleep Safety,True
/blog/how-to-manage-your-babys-reflux-and-sleep,/blog,Transitions,True
/blog/how-to-manage-your-babys-reflux-and-sleep,/author/sally-woods,,True
/blog/how-to-manage-your-babys-reflux-and-sleep,/contact,Contact Us,True
/blog/how-to-manage-your-babys-reflux-and-sleep,/offers/4zhpsrcs,Book a Consultation,True
/offers/murw6ug5,/,,True
/offers/murw6ug5,/newborn-sleep-guide,0-3 Months - Newborn Sleep Guide,True
/offers/murw6ug5,/3-4-month-baby-sleep-course,3-4 Months - Baby Sleep Course,True
/offers/murw6ug5,/5-12-month-baby-sleep-course,5-12 Months - Sleep Training Course,True
/offers/murw6ug5,/toddler-toolkit,12+ Months - Toddler Sleep Toolkit,True
/offers/murw6ug5,/one-on-one-sleep-consultations,Book a Consultation with Sally,True
/offers/murw6ug5,/camp-snooze-sleep-coaching,Camp Snooze 🏕️,True
/offers/murw6ug5,/blog,Blog,True
/offers/murw6ug5,/about-sally,About,True
/offers/murw6ug5,/login,Log In,True
/offers/murw6ug5,/resource_redirect/offers/6irarwak,Join Snooze,True
/offers/murw6ug5,/password/new,Forgot Password,True
/offers/murw6ug5,/contact,Contact Us,True
/offers/murw6ug5,/offers/4zhpsrcs,Book a Consultation,True
/blog/all-about-the-8-10-month-sleep-regression,/,,True
/blog/all-about-the-8-10-month-sleep-regression,/newborn-sleep-guide,0-3 Months - Newborn Sleep Guide,True
/blog/all-about-the-8-10-month-sleep-regression,/3-4-month-baby-sleep-course,3-4 Months - Baby Sleep Course,True
/blog/all-about-the-8-10-month-sleep-regression,/5-12-month-baby-sleep-course,5-12 Months - Sleep Training Course,True
/blog/all-about-the-8-10-month-sleep-regression,/toddler-toolkit,12+ Months - Toddler Sleep Toolkit,True
/blog/all-about-the-8-10-month-sleep-regression,/one-on-one-sleep-consultations,Book a Consultation with Sally,True
/blog/all-about-the-8-10-month-sleep-regression,/camp-snooze-sleep-coaching,Camp Snooze 🏕️,True
/blog/all-about-the-8-10-month-sleep-regression,/blog,Blog,True
/blog/all-about-the-8-10-month-sleep-regression,/about-sally,About,True
/blog/all-about-the-8-10-month-sleep-regression,/login,Log In,True
/blog/all-about-the-8-10-month-sleep-regression,/resource_redirect/offers/6irarwak,Join Snooze,True
/blog/all-about-the-8-10-month-sleep-regression,/blog,5 Month To 2 Years,True
/blog/all-about-the-8-10-month-sleep-regression,/blog,Sleep Regressions,True
/blog/all-about-the-8-10-month-sleep-regression,/product/5-12-month-baby-sleep-guide,to 12 months baby sleep guide,True
/blog/all-about-the-8-10-month-sleep-regression,/offers/4zhpsrcs/checkout,Book a call to stop your baby's sleep regression,True
/blog/all-about-the-8-10-month-sleep-regression,/blog,5-12 Months,True
/blog/all-about-the-8-10-month-sleep-regression,/blog,Fourth Trimester,True
/blog/all-about-the-8-10-month-sleep-regression,/blog,Infants,True
/blog/all-about-the-8-10-month-sleep-regression,/blog,Naps,True
/blog/all-about-the-8-10-month-sleep-regression,/blog,Product Reviews,True
/blog/all-about-the-8-10-month-sleep-regression,/blog,Sleep Environment,True
/blog/all-about-the-8-10-month-sleep-regression,/blog,Sleep Products,True
/blog/all-about-the-8-10-month-sleep-regression,/blog,Sleep Safety,True
/blog/all-about-the-8-10-month-sleep-regression,/blog,Transitions,True
/blog/all-about-the-8-10-month-sleep-regression,/author/sally-woods,,True
/blog/all-about-the-8-10-month-sleep-regression,/contact,Contact Us,True
/blog/all-about-the-8-10-month-sleep-regression,/offers/4zhpsrcs,Book a Consultation,True
/blog/navigating-split-nights-a-guide-for-parents,/,,True
/blog/navigating-split-nights-a-guide-for-parents,/newborn-sleep-guide,0-3 Months - Newborn Sleep Guide,True
/blog/navigating-split-nights-a-guide-for-parents,/3-4-month-baby-sleep-course,3-4 Months - Baby Sleep Course,True
/blog/navigating-split-nights-a-guide-for-parents,/5-12-month-baby-sleep-course,5-12 Months - Sleep Training Course,True
/blog/navigating-split-nights-a-guide-for-parents,/toddler-toolkit,12+ Months - Toddler Sleep Toolkit,True
/blog/navigating-split-nights-a-guide-for-parents,/one-on-one-sleep-consultations,Book a Consultation with Sally,True
/blog/navigating-split-nights-a-guide-for-parents,/camp-snooze-sleep-coaching,Camp Snooze 🏕️,True
/blog/navigating-split-nights-a-guide-for-parents,/blog,Blog,True
/blog/navigating-split-nights-a-guide-for-parents,/about-sally,About,True
/blog/navigating-split-nights-a-guide-for-parents,/login,Log In,True
/blog/navigating-split-nights-a-guide-for-parents,/resource_redirect/offers/6irarwak,Join Snooze,True
/blog/navigating-split-nights-a-guide-for-parents,/blog,5 Month To 2 Years,True
/blog/navigating-split-nights-a-guide-for-parents,/blog,Fourth Trimester,True
/blog/navigating-split-nights-a-guide-for-parents,/blog/shifting-your-babys-bedtime-for-daylight-savings,Shifting Your Baby's Bedtime for Daylight Savings,True
/blog/navigating-split-nights-a-guide-for-parents,/offers/4zhpsrcs,Ready for a 1:1 consultation,True
/blog/navigating-split-nights-a-guide-for-parents,/3-4-month-baby-sleep-help,Fourth Trimester,True
/blog/navigating-split-nights-a-guide-for-parents,/product/5-12-month-baby-sleep-guide,5–12 Month Sleep Guides,True
/blog/navigating-split-nights-a-guide-for-parents,/blog,5-12 Months,True
/blog/navigating-split-nights-a-guide-for-parents,/blog,Infants,True
/blog/navigating-split-nights-a-guide-for-parents,/blog,Naps,True
/blog/navigating-split-nights-a-guide-for-parents,/blog,Product Reviews,True
/blog/navigating-split-nights-a-guide-for-parents,/blog,Sleep Environment,True
/blog/navigating-split-nights-a-guide-for-parents,/blog,Sleep Products,True
/blog/navigating-split-nights-a-guide-for-parents,/blog,Sleep Regressions,True
/blog/navigating-split-nights-a-guide-for-parents,/blog,Sleep Safety,True
/blog/navigating-split-nights-a-guide-for-parents,/blog,Transitions,True
/blog/navigating-split-nights-a-guide-for-parents,/author/sally-woods,,True
/blog/navigating-split-nights-a-guide-for-parents,/contact,Contact Us,True
/blog/why-am-i-the-sleep-concierge,/,,True
/blog/why-am-i-the-sleep-concierge,/newborn-sleep-guide,0-3 Months - Newborn Sleep Guide,True
/blog/why-am-i-the-sleep-concierge,/3-4-month-baby-sleep-course,3-4 Months - Baby Sleep Course,True
/blog/why-am-i-the-sleep-concierge,/5-12-month-baby-sleep-course,5-12 Months - Sleep Training Course,True
/blog/why-am-i-the-sleep-concierge,/toddler-toolkit,12+ Months - Toddler Sleep Toolkit,True
/blog/why-am-i-the-sleep-concierge,/one-on-one-sleep-consultations,Book a Consultation with Sally,True
/blog/why-am-i-the-sleep-concierge,/camp-snooze-sleep-coaching,Camp Snooze 🏕️,True
/blog/why-am-i-the-sleep-concierge,/blog,Blog,True
/blog/why-am-i-the-sleep-concierge,/about-sally,About,True
/blog/why-am-i-the-sleep-concierge,/login,Log In,True
/blog/why-am-i-the-sleep-concierge,/resource_redirect/offers/6irarwak,Join Snooze,True
/blog/why-am-i-the-sleep-concierge,/blog,Sleep Environment,True
/blog/why-am-i-the-sleep-concierge,/blog,Sleep Safety,True
/blog/why-am-i-the-sleep-concierge,/store,The Sleep guides,True
/blog/why-am-i-the-sleep-concierge,/blog,5 Month To 2 Years,True
/blog/why-am-i-the-sleep-concierge,/blog,5-12 Months,True
/blog/why-am-i-the-sleep-concierge,/blog,Fourth Trimester,True
/blog/why-am-i-the-sleep-concierge,/blog,Infants,True
/blog/why-am-i-the-sleep-concierge,/blog,Naps,True
/blog/why-am-i-the-sleep-concierge,/blog,Product Reviews,True
/blog/why-am-i-the-sleep-concierge,/blog,Sleep Products,True
/blog/why-am-i-the-sleep-concierge,/blog,Sleep Regressions,True
/blog/why-am-i-the-sleep-concierge,/blog,Transitions,True
/blog/why-am-i-the-sleep-concierge,/author/sally-woods,,True
/blog/why-am-i-the-sleep-concierge,/contact,Contact Us,True
/blog/why-am-i-the-sleep-concierge,/offers/4zhpsrcs,Book a Consultation,True
/offers/mwisia6a/checkout,/,,True
/offers/mwisia6a/checkout,/camp-snooze-sleep-coaching,Camp Snooze 🏕️,True
/offers/mwisia6a/checkout,/blog,Blog,True
/offers/mwisia6a/checkout,/about-sally,About,True
/offers/mwisia6a/checkout,/contact,Contact,True
/offers/mwisia6a/checkout,/login,Log In,True
/offers/mwisia6a/checkout,/terms-conditions,Terms & Conditions,True
/newborn-baby-sleep-help,/,,True
/newborn-baby-sleep-help,/newborn-sleep-guide,0-3 Months - Newborn Sleep Guide,True
/newborn-baby-sleep-help,/3-4-month-baby-sleep-course,3-4 Months - Baby Sleep Course,True
/newborn-baby-sleep-help,/5-12-month-baby-sleep-course,5-12 Months - Sleep Training Course,True
/newborn-baby-sleep-help,/toddler-toolkit,12+ Months - Toddler Sleep Toolkit,True
/newborn-baby-sleep-help,/one-on-one-sleep-consultations,Book a Consultation with Sally,True
/newborn-baby-sleep-help,/camp-snooze-sleep-coaching,Camp Snooze 🏕️,True
/newborn-baby-sleep-help,/blog,Blog,True
/newborn-baby-sleep-help,/about-sally,About,True
/newborn-baby-sleep-help,/login,Log In,True
/newborn-baby-sleep-help,/resource_redirect/offers/6irarwak,Join Snooze,True
/newborn-baby-sleep-help,/offers/z63s9var,Join Snooze,True
/newborn-baby-sleep-help,/newborn-baby-sleep-help,View Newborn Guide,True
/newborn-baby-sleep-help,/3-4-month-baby-sleep-help,View 3-4 Month Guide,True
/newborn-baby-sleep-help,/5-12-month-baby-sleep-help,View 5-12 Month Guide,True
/newborn-baby-sleep-help,/toddler-sleep-help,View Toddler Guide,True
/newborn-baby-sleep-help,/snooze-library,Library Access,True
/newborn-baby-sleep-help,/products/communities/v2/snooze,Snooze Village,True
/newborn-baby-sleep-help,/account,Your Account,True
/newborn-baby-sleep-help,/contact,Contact Us,True
/newborn-baby-sleep-help,/terms-conditions,Terms of Service,True
/newborn-baby-sleep-help,/privacy-policy,Privacy Policy,True
/newborn-baby-sleep-help,/offers/4zhpsrcs,Book a Consultation,True
/offers/murw6ug5/checkout,/,,True
/offers/murw6ug5/checkout,/newborn-sleep-guide,0-3 Months - Newborn Sleep Guide,True
/offers/murw6ug5/checkout,/3-4-month-baby-sleep-course,3-4 Months - Baby Sleep Course,True
/offers/murw6ug5/checkout,/5-12-month-baby-sleep-course,5-12 Months - Sleep Training Course,True
/offers/murw6ug5/checkout,/toddler-toolkit,12+ Months - Toddler Sleep Toolkit,True
/offers/murw6ug5/checkout,/one-on-one-sleep-consultations,Book a Consultation with Sally,True
/offers/murw6ug5/checkout,/camp-snooze-sleep-coaching,Camp Snooze 🏕️,True
/offers/murw6ug5/checkout,/blog,Blog,True
/offers/murw6ug5/checkout,/about-sally,About,True
/offers/murw6ug5/checkout,/login,Log In,True
/offers/murw6ug5/checkout,/resource_redirect/offers/6irarwak,Join Snooze,True
/offers/murw6ug5/checkout,/password/new,Forgot Password,True
/offers/murw6ug5/checkout,/contact,Contact Us,True
/offers/murw6ug5/checkout,/offers/4zhpsrcs,Book a Consultation,True
/3-4-month-baby-sleep-help,/,,True
/3-4-month-baby-sleep-help,/newborn-sleep-guide,0-3 Months - Newborn Sleep Guide,True
/3-4-month-baby-sleep-help,/3-4-month-baby-sleep-course,3-4 Months - Baby Sleep Course,True
/3-4-month-baby-sleep-help,/5-12-month-baby-sleep-course,5-12 Months - Sleep Training Course,True
/3-4-month-baby-sleep-help,/toddler-toolkit,12+ Months - Toddler Sleep Toolkit,True
/3-4-month-baby-sleep-help,/one-on-one-sleep-consultations,Book a Consultation with Sally,True
/3-4-month-baby-sleep-help,/camp-snooze-sleep-coaching,Camp Snooze 🏕️,True
/3-4-month-baby-sleep-help,/blog,Blog,True
/3-4-month-baby-sleep-help,/about-sally,About,True
/3-4-month-baby-sleep-help,/login,Log In,True
/3-4-month-baby-sleep-help,/resource_redirect/offers/6irarwak,Join Snooze,True
/3-4-month-baby-sleep-help,/offers/z63s9var,Join Snooze,True
/3-4-month-baby-sleep-help,/newborn-baby-sleep-help,View Newborn Guide,True
/3-4-month-baby-sleep-help,/3-4-month-baby-sleep-help,View 3-4 Month Guide,True
/3-4-month-baby-sleep-help,/5-12-month-baby-sleep-help,View 5-12 Month Guide,True
/3-4-month-baby-sleep-help,/toddler-sleep-help,View Toddler Guide,True
/3-4-month-baby-sleep-help,/snooze-library,Library Access,True
/3-4-month-baby-sleep-help,/products/communities/v2/snooze,Snooze Village,True
/3-4-month-baby-sleep-help,/account,Your Account,True
/3-4-month-baby-sleep-help,/contact,Contact Us,True
/3-4-month-baby-sleep-help,/terms-conditions,Terms of Service,True
/3-4-month-baby-sleep-help,/privacy-policy,Privacy Policy,True
/3-4-month-baby-sleep-help,/offers/6irarwak/checkout,Join Snooze,True
/3-4-month-baby-sleep-help,/newborn-baby-sleep-help,View Newborn Guide,True
/3-4-month-baby-sleep-help,/3-4-month-baby-sleep-help,View 3-4 Month Guide,True
/3-4-month-baby-sleep-help,/5-12-month-baby-sleep-help,View 5-12 Month Guide,True
/3-4-month-baby-sleep-help,/toddler-sleep-help,View Toddler Guide,True
/3-4-month-baby-sleep-help,/products/communities/v2/snooze,Snooze Village,True
/3-4-month-baby-sleep-help,/offers/4zhpsrcs,Book a Consultation,True
/blog/baby-catnaps-tips-guide,/,,True
/blog/baby-catnaps-tips-guide,/newborn-sleep-guide,0-3 Months - Newborn Sleep Guide,True
/blog/baby-catnaps-tips-guide,/3-4-month-baby-sleep-course,3-4 Months - Baby Sleep Course,True
/blog/baby-catnaps-tips-guide,/5-12-month-baby-sleep-course,5-12 Months - Sleep Training Course,True
/blog/baby-catnaps-tips-guide,/toddler-toolkit,12+ Months - Toddler Sleep Toolkit,True
/blog/baby-catnaps-tips-guide,/one-on-one-sleep-consultations,Book a Consultation with Sally,True
/blog/baby-catnaps-tips-guide,/camp-snooze-sleep-coaching,Camp Snooze 🏕️,True
/blog/baby-catnaps-tips-guide,/blog,Blog,True
/blog/baby-catnaps-tips-guide,/about-sally,About,True
/blog/baby-catnaps-tips-guide,/login,Log In,True
/blog/baby-catnaps-tips-guide,/resource_redirect/offers/6irarwak,Join Snooze,True
/blog/baby-catnaps-tips-guide,/blog,5 Month To 2 Years,True
/blog/baby-catnaps-tips-guide,/blog,Fourth Trimester,True
/blog/baby-catnaps-tips-guide,/blog/guide-to-self-settling-sleep-cycles,"Self-Settling, Joining Sleep Cycles, and Consistent Schedule",True
/blog/baby-catnaps-tips-guide,/recommended-products,Recommended products,True
/blog/baby-catnaps-tips-guide,/offers/4zhpsrcs,Schedule a 1:1 call with me to help you,True
/blog/baby-catnaps-tips-guide,/product/catnapping-guide-free,this downloadable gem,True
/blog/baby-catnaps-tips-guide,/blog,5-12 Months,True
/blog/baby-catnaps-tips-guide,/blog,Infants,True
/blog/baby-catnaps-tips-guide,/blog,Naps,True
/blog/baby-catnaps-tips-guide,/blog,Product Reviews,True
/blog/baby-catnaps-tips-guide,/blog,Sleep Environment,True
/blog/baby-catnaps-tips-guide,/blog,Sleep Products,True
/blog/baby-catnaps-tips-guide,/blog,Sleep Regressions,True
/blog/baby-catnaps-tips-guide,/blog,Sleep Safety,True
/blog/baby-catnaps-tips-guide,/blog,Transitions,True
/blog/baby-catnaps-tips-guide,/author/sally-woods,,True
/blog/baby-catnaps-tips-guide,/contact,Contact Us,True
